,R14,R15,Y16,Q17,E18,D19,G20,F21,D22,L23,D24,L25,T26,Y27,I28,Y29,P30,N31,I32,I33,A34,M35,G36,F37,P38,A39,E40,R41,L42,E43,G44,V45,Y46,R47,N48,N49,I50,D51,D52,V53,V54,R55,F56,L57,D58,S59,K60,H61,K62,N63,H64,Y65,K66,I67,Y68,N69,L70,C71,A72,E73,R74,H75,Y76,D77,T78,A79,K80,F81,N82,C83,R84,V85,A86,Q87,Y88,P89,F90,E91,D92,H93,N94,P95,P96,Q97,L98,E99,L100,I101,K102,P103,F104,C105,E106,D107,L108,D109,Q110,W111,L112,S113,E114,D115,D116,N117,H118,V119,A120,A121,I122,H123,C124,K125,A126,G127,K128,G129,R130,T131,G132,V133,M134,I135,C136,A137,Y138,L139,L140,H141,R142,G143,K144,F145,L146,K147,A148,Q149,E150,A151,L152,D153,F154,Y155,G156,E157,V158,R159,T160,R161,D162,K163,K164,G165,V166,T167,I168,P169,S170,Q171,R172,R173,Y174,V175,Y176,Y177,Y178,S179,Y180,L181,L182,K183,N184,H185,L186,D187,Y188,R189,P190,V191,A192,L193,L194,F195,H196,K197,M198,M199,F200,E201,T202,I203,P204,M205,F206,S207,G208,G209,T210,C211,N212,P213,Q214,F215,V216,V217,C218,Q219,L220,K221,V222,K223,I224,Y225,S226,S227,N228,S229,G230,P231,T232,R233,R234,E235,D236,K237,F238,M239,Y240,F241,E242,F243,P244,Q245,P246,L247,P248,V249,C250,G251,D252,I253,K254,V255,E256,F257,F258,H259,K260,Q261,N262,K263,M264,L265,K266,K267,D268,K269,M270,F271,H272,F273,W274,V275,N276,T277,F278,F279,I280,P281,K313,E314,Y315,L316,V317,L318,T319,L320,T321,K322,N323,D324,L325,D326,K327,A328,N329,K330,D331,K332,A333,N334,R335,Y336,F337,S338,P339,N340,F341,K342,V343,K344,L345,Y346,F347,T348,K349,T350,V351
A,-0.382952684,-3.32065393,-2.307621953,0.048708219000000004,0.18638539699999998,0.285845323,-0.883320278,-0.792985088,-0.248309881,-4.332975265,-4.046659141,-2.375835162,-0.569514271,-3.244157602,-1.32188136,0.278551476,-0.27630366,-0.22883353,-2.873227452,-2.492543521,,-3.98921176,-0.164546905,0.6825061929999999,-1.730953074,,0.416757965,0.34406997799999994,-0.473235361,0.145413787,0.36620043,0.08673084,-0.542685234,-3.1479519839999996,-3.3643572880000003,-0.098119187,-0.6817324240000001,0.118631594,0.7784117079999999,-1.083646273,0.17056029600000003,0.35655406700000003,-2.348792955,-2.837905618,0.055632299999999996,-0.138166269,-0.6173930320000001,-2.39730137,-0.006800498,0.35928173,0.421512083,-0.16967845399999998,0.299416972,-1.3426625559999998,-3.5000688980000003,-0.306277514,-2.2366308740000003,0.513326786,,-0.123174386,-0.056757897,0.411663158,-0.21172003,0.136276294,0.17407107600000002,,-0.19151110000000002,-1.563894561,0.379079316,0.455604987,-0.609954898,-0.447888312,,0.257433678,-1.799991425,0.13237939,-0.649693269,0.320204797,-3.385801663,-2.494593379,0.17856545899999998,0.27402872899999997,-0.52259761,0.339382787,-0.07697485400000001,0.021287446,0.130523751,-3.0717336410000002,-3.59252596,0.513085912,-3.0655531810000003,-3.363248581,-0.535465921,-0.915383396,-1.4074356959999998,0.023366995,0.141365544,-3.558197568,-1.5011743969999998,1.08515357,0.7233356320000001,-0.078654698,-0.20697797699999998,-0.94588854,-1.4264770340000001,-0.044230125,,,-1.754441326,-2.397837989,-3.761583525,-0.754313873,,-3.66824191,-1.659418174,-0.470044202,-3.899292545,-1.882114895,-3.376205171,-0.228811675,-0.540252058,-1.04904043,0.7198550029999999,,-0.21992898800000002,0.197673701,-1.255608707,-0.900464697,0.442084359,-0.20439756399999998,0.39628421,0.32252094600000003,-0.330541429,0.36605824299999995,,-1.0195449490000001,0.656959973,,-2.2562122540000003,-0.17691141800000001,-0.740565079,-4.050860317,0.15504958300000002,-0.274798799,-0.029934974,-4.864079492,-0.147078345,-1.2986302220000001,-1.060893921,-0.099886675,-0.03581224,-0.5253924179999999,-1.540447671,-0.629513369,-0.109469137,-0.42354628299999997,-1.1518404759999998,-2.909707917,0.088176541,-0.663040933,-0.33470582,-0.7869935440000001,0.11226233199999999,-2.505613903,-1.912046774,-0.172489169,-0.207194063,-1.3479431219999998,-0.086952029,-0.97864388,0.005672055,0.149122518,-0.22385237100000002,-0.528798608,-0.750172332,0.155682244,-0.805442897,-0.156367297,,-0.452835738,1.647285385,0.24123290100000003,-1.067667952,-0.313277154,-0.18695930800000002,0.271105236,-0.776696453,-0.785516329,0.35749579600000003,-0.40516709100000003,-1.6753235069999999,1.0238881690000001,-0.532076247,-0.058917647000000004,0.548787192,-0.51677954,-0.285321675,-0.592122653,0.323204569,-0.529270074,-0.042811750999999995,1.01375485,-0.039076848,-0.767747278,-0.366320139,-1.480636988,0.411224893,0.7429905929999999,-0.421780955,0.13947822199999999,0.6201081979999999,-2.9884214780000002,0.39362239,0.078886882,-0.136516933,-0.7647391029999999,-0.02775109,-0.36741106100000004,-0.087481652,0.150116624,-0.519176466,0.407277331,-0.300869336,-0.15803283199999998,0.342686466,0.208734022,0.37330789600000003,-2.7844791860000004,-0.017130461,-2.38105268,0.48551827299999994,-0.43676305299999996,0.199432887,-0.47262706299999996,-0.162219627,-0.554618465,-0.19764753699999998,-0.643990562,-1.918841595,-2.334504425,-0.15629906699999999,-1.299737196,-0.753178756,-0.9062921970000001,0.061041477999999996,-0.255652977,0.066465222,-0.040737965,-2.8021678519999997,-3.3526941239999997,-0.6426667220000001,-0.09626983,-0.5580374060000001,-0.245362219,-1.8341118619999999,-0.439514534,-0.175358457,-1.7233264019999999,0.399581006,0.304462516,0.179771679,-0.824574313,-4.173494178,-0.705835287,-0.305351969,-0.499340687,-1.006761843,0.042563508,-0.221322295,0.145568054,-0.241083589,-0.41458877899999996,-0.01780064,0.373467457,-0.089114921,-1.4499164930000001,-0.159894154,-0.501053442,-0.33619036799999996,-0.16943779899999997,-2.360927771,-3.35822708,-0.980602592,,-0.1415999,-0.691459608,-0.342820013,-0.21302734,,-0.32713213399999996,-0.299320899,-0.410873569,-0.821673889,1.459368094,-0.001203474,-0.082891797,-0.793231936,-0.22568702899999998,-0.563872956,-0.218967178,-0.627111463,-0.334037412,-0.656261849,-0.002208646,-0.042140514000000004,-0.18264716399999997,-1.0288211729999999
C,-0.305528545,-1.6341459459999998,-0.8378756479999999,0.262532471,0.253627366,0.641353965,-0.8624512240000001,-0.598219956,-0.17702083300000002,-3.098904594,-2.5897268419999997,-1.94301455,-0.098829535,-1.648557963,-0.11224976800000001,0.006995553000000001,0.08704688099999999,-0.473431881,-0.8571184559999999,-0.43031139700000004,-0.541827454,-2.932863905,0.776006896,-0.07643364,-1.348524962,-0.31739109,0.7613703490000001,-0.031290192,-0.6735809909999999,-0.1708949,0.08866730800000001,-0.10756847,-1.030247178,-1.2979681809999999,-4.163442106000001,-0.066828668,-0.394945306,0.145105284,-0.12474307300000001,-0.8325914590000001,0.156088924,0.053246449,-0.962281915,-1.965200254,-0.137664051,0.09353362400000001,-0.786117695,-1.4490579,-0.29401459399999996,0.19795466399999997,0.264929928,0.17800567399999997,0.08826051300000001,0.017709066000000002,-2.732346495,-1.935904892,-0.549848808,,0.262133372,-0.492538239,-0.5092211170000001,0.282930138,-0.310864611,-0.020112941000000002,0.974559127,0.61781278,-0.313115281,-1.9546501230000002,0.12681648199999998,,0.068544387,0.032267897999999996,0.200042258,0.306268704,-1.228158575,-0.420117607,-0.023886953,0.081048395,-3.383629823,-2.7230737019999998,0.47825144299999994,-0.47854206200000005,-0.583528917,0.058905947,0.443561073,0.296533913,0.219470258,-0.7694463970000001,-0.9280125220000001,-0.493037493,-2.155397269,,-1.017774585,-1.966390333,-0.484296324,-0.900811295,0.174448341,-3.9544458660000004,-0.033968063,0.161718335,-0.098941855,0.093911704,-0.06714935400000001,-0.246033533,0.166145017,-0.284957255,-1.021032599,-0.324762102,-0.809229304,-2.365892256,,-3.65863992,-3.5596371280000003,-2.654844773,-1.07009919,-3.102586948,-3.3653698089999997,-1.1218291809999998,-5.417546678,-0.290353834,-1.410025415,0.42898082,,0.03615191,-0.45567844700000004,0.193591839,0.156876983,-1.644133887,0.40886919200000005,-0.322030142,-0.18063756,-0.56419975,0.305576552,-0.878811771,-0.174465702,0.011571911,-0.341264064,-0.692452727,-0.34501465200000003,-0.411646233,-0.497652606,-2.26881194,-0.477143959,0.264637646,-0.39924848,-3.9115798280000003,-0.6752729279999999,-0.124379305,-0.746964548,-0.9907907690000001,-0.19065899,-0.292468126,0.055010884,-0.013461117,-0.430223705,-0.372330415,-0.38649619399999996,-2.412315139,-0.169100605,-1.261173013,-0.207781149,-0.7308588290000001,-0.481989389,-2.1954952580000002,-0.15735897199999999,-0.82287028,-0.42837529700000004,0.072001144,-0.154744537,-0.288239627,-0.5235448770000001,0.204062147,0.21765851100000003,-0.132030667,0.07929552200000001,0.20570334,-1.5335245880000001,-0.284112633,-0.061243400999999996,-0.395262956,0.175142027,-0.9452712459999999,-0.355854943,-0.669067167,0.11220342900000001,-0.45081232299999996,-0.471462305,0.445823433,0.64409361,0.585615839,-2.166298733,-0.167302741,-0.675406937,0.280449024,-0.088355431,-0.25969497199999997,-0.340667282,,0.442653247,0.309595408,1.124619507,0.08241882,-0.184213028,0.055844105,,-0.320761571,0.034262384,-0.635375712,-0.107669425,0.313369196,-0.051201280999999994,-1.425833765,0.18176147399999998,0.282969701,-0.43674120299999997,0.026934077999999997,0.093411908,0.487269505,0.21696999999999997,-0.010677923999999998,-0.221524702,0.068915136,0.20788471600000002,0.659602308,0.408663318,-0.26453515699999997,-1.5507139669999999,-1.4128934119999998,0.17701505399999998,-0.258737857,-0.13947497,0.31650391899999997,-0.48388559700000006,-0.11986425699999999,-0.579407687,-0.235144662,,-4.075103853,-1.6802607580000002,-0.231733009,0.25788454,0.454930423,-0.283578451,0.775189048,-0.495513705,-0.482379155,-0.355302061,-1.069238567,0.147092106,0.296512335,0.123107526,-0.129665486,-0.021792277000000002,0.14521019,0.043333862,-1.024377886,0.758600244,-0.516813812,-0.146278546,-0.19210512300000002,-0.344675036,-0.39003381,-2.738046607,-0.371252462,-0.335424124,0.026314248999999998,0.297201581,-0.380569603,-0.218625674,-0.311864649,-0.13026702,-0.6881790609999999,-0.7334341999999999,0.10525069199999999,-0.890049285,0.5510760229999999,-0.483254299,-0.280266382,-0.709622292,0.478426489,0.087127755,-2.45153409,-1.04643882,-0.151204474,0.479490993,0.14751582800000002,-0.062517897,-0.269120084,-0.14121661300000002,-0.311067119,-0.21437976,-0.18287063,-0.328312521,-0.295750301,-0.073890078,-0.077630722,0.15007616,-0.18568543399999998,2.029086759,-0.13486330800000002,1.3799458119999999,-0.299885014,-0.14577265,-0.16870326800000002,1.964119221,-0.059901429000000006,0.44744755399999997
D,-0.293982317,-3.513951755,-2.205118144,-0.93461272,-0.300658253,,-0.331146883,-2.470456804,,-4.135206778,,-2.398815661,-3.036212698,-2.140342569,-3.3013190210000003,0.339499211,-0.010588823999999998,0.22569694199999998,-4.170791233,-2.9258683939999997,-3.8420063730000003,-4.238813288999999,-4.190926619,-3.3196158560000004,-5.238823493,-3.318258058,0.12916159900000002,-0.35374704,-3.1336657189999997,-1.05345803,-0.758340835,-1.1814788920000001,-4.0718768,-4.359130744,-1.9123388030000001,-0.5243432170000001,-3.62622787,,,-3.264293253,-0.992982549,0.02231747,-4.545370743,-4.995518074,,0.21884720800000002,-2.893797378,-3.8547776939999996,-0.029709198,0.438252108,0.095496866,-3.3526090889999995,-3.864019863,-4.201371663,-4.544045882,-0.56612114,-4.030398709,-2.324535469,0.258380605,-0.12181405,-1.32114333,0.200467457,-1.169036483,,0.511739679,0.42190449399999996,-1.5120401509999999,-2.8119329769999997,0.271577831,0.166852489,-0.126955497,-0.634907265,0.011097023999999999,0.030854892999999998,-3.3614504689999998,-0.302578183,-2.9082825910000003,0.15546491199999998,,-2.5896932390000003,-0.179924222,-4.169621255,-4.334684235,0.128059555,-3.939310847,0.391533184,0.297566169,-3.6277921539999998,-0.059633814,-3.1451034069999997,-3.56082151,-2.967930028,-0.26876263899999997,,-4.537056088,,-0.266636857,-4.132206674,-3.4530473089999996,0.21965938,-0.047564907999999996,,,0.12139546400000001,-2.4110968230000003,-2.329401311,-4.166523575,-3.393659493,-2.549185629,-4.345802175,-4.14990803,-3.4486731219999998,-1.027466629,-3.4782302589999996,-4.0683821589999996,-2.505549555,-3.1345217360000004,-4.339122473,-3.361888951,-3.5190835789999997,-3.617930442,-4.2286296,-3.966461428,-2.194705851,-2.086382057,-0.746613964,-3.606859625,-1.400585719,0.017122605,0.041485685,0.180198495,-0.990394605,-0.273747367,0.286686388,-1.884126618,0.14522768,0.42223795700000005,-3.155266697,-3.69866368,,-2.55255695,-1.60940589,-0.039493844,-0.296503895,-3.1284321389999996,-3.6407836710000003,-1.8343116609999999,-1.410276956,,-0.166104587,-0.20139199300000002,-3.618060986,-4.159530618,-0.753577589,-0.574118131,-2.7226619860000003,-0.514958371,-4.082248668,-2.5369609090000003,-4.529031637,-2.18725813,-2.651978212,-0.47657617799999996,-2.362670175,-4.717419672,0.153434603,0.174062117,-3.4886318660000004,-1.3626768569999999,0.428406868,-0.476572234,-0.157810646,-0.35340144100000004,,-2.31723372,-0.306626411,-0.260895852,-0.00264025,-0.47826507100000004,-2.752214537,0.24289449,-3.727517344,-0.409066518,-2.05829358,-3.999054885,0.207106125,-3.8515509480000003,0.260523264,0.9793425590000001,-0.138421861,0.39348920299999995,-0.202473824,-1.134390451,-1.6167170780000002,-0.519411894,-0.07894806900000001,-0.085955001,-1.025872365,-0.223442224,-1.604025286,-0.35015100200000004,-3.339414998,0.266949079,-4.530972609,-0.30597643,0.44590072700000005,-2.526149374,-0.331801264,-0.062901037,-2.177875164,-0.077625891,-0.73632132,0.317615135,-0.142489519,0.333583927,0.36013611799999995,-0.174893771,-0.090616965,0.135436645,-0.559069578,-0.022466422000000003,-1.592966165,,-0.20878963600000003,0.22515149999999998,-1.107710424,-0.29347775,-3.0152081839999996,-0.469806227,-4.190215223,0.588529023,-0.0070528119999999994,-0.850196863,-3.4610627239999996,-0.637094485,-3.87611943,0.04822379,-0.20858718899999998,,-3.4240542960000004,-0.7462014579999999,-4.636700657,-0.245777954,-3.2089798939999996,-0.45517044100000004,-0.057671695999999995,-0.210369577,-0.7217568740000001,-1.15376965,-1.392595066,-2.5490454259999997,-1.4275353469999998,-0.6808360309999999,-0.670684915,,-0.5103712429999999,-0.386909895,-4.151251343,0.361649055,-3.5861234389999996,-1.39552355,-3.880408337,-0.7424633420000001,-4.170985566000001,-1.270759678,-2.055212895,-0.820752697,0.127711369,0.40552355100000004,0.6772793859999999,-0.064488768,-1.224106883,-0.8529187420000001,-0.091418681,0.071442891,-4.774157123,-0.637064671,-1.5123161219999999,0.273818121,,-4.792440651000001,,0.404885791,-0.675084276,-0.255230105,-0.23623485600000002,,-0.6608661579999999,-0.437092595,-0.6435209620000001,-0.568293936,-0.5223087479999999,-0.695571583,-0.18650771,-0.185052018,0.013722765,-1.387334676,-0.780196793,-1.820180336,-0.334692055,-2.11230153,-0.5532793429999999,-1.5154820269999998,0.315613821,0.23666493600000002,-0.093218324,0.424556241
E,-0.35291589100000004,-3.0310921860000004,-2.37848032,-0.546792281,,0.144422398,-0.469831041,-2.242127319,-1.454357105,-4.502505264,-0.867627,-2.8167714860000004,-2.913296859,-2.890406071,-2.931571245,0.689491779,-0.449770503,-0.433513716,-3.627715355,-3.9621256060000003,-4.9008593739999995,-4.021121003,-1.797438259,-0.295888754,-4.596217751,-2.607847839,,-0.734141103,-2.268051964,,-1.770408978,-0.952887351,-4.580880135,-2.176408838,-4.128906186,-1.935660036,-2.286764669,-0.410080163,0.34142329899999996,-2.423940157,-0.178923885,0.094827724,-4.673909368,-4.003892723,0.080205851,0.129834913,-0.696266356,-3.7559069419999997,0.118143457,0.44512305399999996,-0.033411433,-3.63940842,-1.224349565,-3.855145522,-3.9725760310000005,-2.652164261,-4.2722965230000005,-1.6404024519999998,0.07577078,,-0.9238227459999999,0.319510062,-1.868811129,-0.19592776399999998,-0.09559802,0.15912003800000002,-1.60681967,-2.998474926,-0.149316049,0.43849711,-0.14304396800000002,-0.7480216890000001,0.271379196,0.15546770000000001,-3.04040096,0.198371667,-2.423123318,,-5.023076913,-2.129791628,0.1087857,-4.95849982,-4.219210182,0.5720524,-3.313645914,,-0.010989595,-3.30197688,-0.042256095,-0.712251684,-4.05491869,-3.8912324139999996,,-0.114871838,-4.364530288,0.043332739,-0.344207814,-3.845255768,-1.95368488,0.52732526,,-0.119248615,-0.255818752,0.633089397,-3.0815851060000004,-3.629559655,-2.0938569119999997,-1.670612264,-3.58353303,-3.184490093,-3.097258035,-2.181237334,-3.771861178,-2.689587253,-2.7365050039999996,-5.409763516,-4.077390741,-2.964659816,-3.88947983,-2.053321163,-3.571865484,-4.685381821,-4.169987717,-0.9888176959999999,-3.3467280319999997,-0.614213173,-2.460131794,-1.889889613,-0.823762887,0.23627330300000002,-0.997489463,-0.491871212,-0.16491442,-0.04323219999999999,-3.143634145,-0.16988076600000002,,-3.529059091,-2.452106557,-0.15971775900000001,-0.526604776,-3.4796092730000003,-0.21171445,,0.058162267999999996,-4.0054568889999995,-2.7455057710000004,-0.263511667,-0.9985321690000001,-0.106957481,-0.382701941,-4.258760738,-2.743778793,-0.003459925,-0.914274028,0.615630408,-3.928403312,-2.309708253,-0.885452131,-2.552364332,-3.545538534,-3.1543956810000005,0.241169315,-3.366858524,-1.7781223290000001,-0.019603989,-0.434479347,-3.292986649,-0.8539962759999999,-0.428888748,0.020998291000000002,0.098690502,0.066133995,0.125772954,-1.5854254680000002,-0.129945486,0.026873076,-0.206605283,-0.21585368300000002,-2.594529634,0.39581636299999995,-3.5071778080000002,0.022780653999999997,-0.257379594,-3.377141675,-0.077335748,-3.3669186339999997,,0.17580711899999998,0.835258918,-0.29916785,0.209821132,1.186159092,0.109870187,-0.920218038,-0.113527991,-0.39276817700000005,-0.111230711,0.653326544,-0.743837265,-1.075898161,-1.579897575,0.417454186,-3.286881456,0.316137262,0.010978996999999999,-0.28788616100000003,-0.74690658,-0.22060348800000001,-0.35307783,-0.255561571,0.23085005399999997,-0.9276053609999999,-0.17407448,-0.92251077,-0.31087158,-0.17451569100000003,0.180980124,-0.432783846,0.398532115,0.234348898,,0.313149241,-0.555310167,-0.219656725,-1.9383250719999998,-0.17811327899999999,-3.600310651,,-2.895954672,-0.101003339,-0.153418539,-1.032840484,-1.012369754,0.042306722000000005,-4.027768654,0.210187963,-0.17051483,-0.22660195,-4.011322892,-0.032161971,-3.1100891039999996,,-3.410849018,-0.393239257,-0.06020705,0.02328823,-0.504146387,-0.367476769,-1.674110151,-2.649624423,-2.221019044,0.34425304700000003,-0.28263863899999997,0.225343297,0.7988772340000001,-1.897847831,-4.394810815,0.516948449,-3.828800968,-2.8349446869999997,-2.623255449,-1.6639349730000002,-3.154668503,-2.023424762,-2.005079677,-0.606959386,-0.09751129300000001,0.363673728,,-0.008313906,-0.7918606220000001,-0.697582645,0.306558819,0.430249195,-1.9491089419999998,0.21403946399999998,-0.16680150400000002,-0.305429099,-0.085067374,-4.265184039,1.024049568,-1.095475226,-0.808993637,0.370742014,-0.094749104,-0.10654946800000001,-0.565792484,-0.016204196,-0.8219002440000001,-0.279263598,-0.314261617,-1.139892358,-0.145367473,-0.042086125,-0.043145082,-1.2075396999999999,-0.43674989999999997,-1.781345521,-0.7816734809999999,-1.5233339540000002,-0.33592368799999994,-1.7795765430000001,2.382098745,0.08546720000000001,0.13058503300000002,-0.132303725
F,0.370071814,-3.837098368,0.46255530100000003,0.260248193,0.422610339,-0.364744646,-1.50041566,,-0.184746699,-1.5228271480000002,-3.106477228,-1.0894970529999999,-2.054503716,-1.062611007,-1.5015798130000002,0.321383507,-0.527307877,-0.21288212,-1.44987361,-2.386590632,-2.2805597,-1.4995397069999998,-3.345608553,,-2.8521547710000004,-1.053323883,0.16626744,0.09883059400000001,0.540329909,-0.7186316359999999,-0.7746989740000001,0.253202176,0.45337782200000004,-1.233630966,-3.523438974,-0.300801356,-0.88733173,0.7552472640000001,-1.872439865,-2.64732221,-0.039434903,-0.258503857,,0.13571570800000002,-0.18377487899999997,1.481437034,-0.38691530700000004,-2.070893701,0.333022783,0.142281043,0.31908839899999997,0.156530124,-0.154571297,-2.123259702,-0.79404853,-3.222353671,0.040677495,-1.879218871,-0.144169307,-0.13633113800000002,-1.4865020759999998,0.36145107600000004,-0.6177804179999999,-0.8147493579999999,-0.8552756570000001,0.037151666,-0.8537252590000001,,-0.006299454,0.014343316000000002,-0.11912778800000001,-0.5182555320000001,-0.7166805159999999,0.07529778200000001,0.20905462,0.381861556,,0.036080816,-4.634151325,-3.146417427,-0.312879174,-3.763676143,-2.785101645,-0.263384389,-1.661674181,-0.13825469699999998,0.24916827600000002,-2.380877332,0.5817314,-1.064836609,,-2.97528982,-1.98652333,-2.892014275,-0.576904442,-0.907189325,0.899928928,0.28097681399999996,0.071469703,0.568969959,-0.053825587,-0.750290439,0.045755395,0.072895643,-0.411806846,-2.06749177,-3.427068855,-3.0196496980000003,-2.752552241,-3.6136969660000005,-2.70115956,-1.394468611,-3.175730885,-3.1586826610000003,-3.004005377,-2.9162950810000003,-2.984739476,-3.777356157,-3.8906981689999998,-0.770370826,-1.168751809,-2.275901602,-5.357142435,-0.492697664,-0.311078061,-0.43262096899999997,-2.1994142340000002,0.257639397,-0.06468518599999999,-1.206602798,0.002507147,,-0.316320544,-0.30884607199999997,0.09684582300000001,0.017045461,-0.51134799,-2.94518689,-0.932916613,-1.6718115219999998,,0.09561886300000001,-4.040609545,-0.178355348,-0.64423299,-4.104419814,-0.182604299,0.24492704699999998,-1.8291033819999998,-0.48336773200000005,-0.138824595,-3.562512738,-3.1693423160000003,-1.072317563,0.169992244,-1.332930406,-4.084376066,-3.5388748160000003,-0.051100652999999996,-3.0099620039999997,0.167360327,-3.5498546230000003,-0.023943979,-0.9152124640000001,-0.206957815,0.7025383140000001,-0.613464328,-0.585981118,-0.319329857,0.0027636270000000003,-0.140816722,-0.699930174,-0.21006615899999997,-0.14158865699999998,-0.40654604200000005,-0.159247086,-0.526970078,0.262310273,-0.47502618,0.230158528,-0.342749233,,-0.734314195,-0.042188667,-0.06181452,0.369690093,,0.11669771400000001,0.274843028,-0.44996253,-1.345396941,-1.4601593480000001,,0.257873248,0.844482044,-1.133471476,-0.414817206,-0.772744358,0.629460189,-0.609314053,0.47016284,,0.026862656000000002,-1.19129966,-0.067032446,-0.000119827,-1.913936534,0.15105623099999999,-1.249259046,-0.208494745,0.075268433,-0.14711801900000002,-0.116356424,0.23338104199999998,-0.281839836,-0.56555062,-0.154058169,0.167978391,-0.27734087,0.019575175,0.408478588,-0.91829361,-2.245571795,-0.543638095,,0.083315842,-0.232430668,,-0.006412436,,0.252489435,0.17249631699999998,-1.7994600969999999,-0.574216382,-0.573572856,-2.612468588,-0.398803003,-2.665317234,-4.400555175,0.359071426,0.06392807,0.043269885,-0.067286875,,,-2.07101486,-0.6649168520000001,0.649759165,-0.260237664,0.102074649,-1.573187079,0.38819206799999995,-1.064738068,-0.214330923,0.065137615,-0.180855725,-0.735418908,,-0.317373646,,-0.368809151,0.251026724,-3.589649205,-3.5066437280000002,,,-0.348301498,-0.376329735,0.263728805,-0.7581630770000001,-0.01043982,-3.071282185,-0.7811858620000001,0.152308099,-0.569874305,0.20598209399999998,-0.188785815,-0.213060835,-0.23236234600000003,-0.599378151,-0.600263011,-0.7643630220000001,-0.40354596299999995,-0.202925548,0.534380031,-0.920170548,-0.44364722100000004,-0.24718734,-0.11731492199999999,-0.10549323599999999,-0.1352721,-0.17651308699999999,,0.195216527,-0.095088959,0.120054696,,-0.256413241,-0.740367352,-0.20346384899999997,-0.8133630279999999,0.221052799,,0.014774923999999998,-0.755404173,-0.437782086,-0.29446396399999997
G,-0.710780245,-1.3235261409999999,-1.530916636,-1.038322739,0.285159311,0.9179952690000001,,-2.98211107,-1.6953292000000002,-4.182460947,-3.647833533,-2.456834265,-1.5354747869999998,-3.805370605,-2.743063994,-0.12262892199999999,-0.24013877600000003,-0.135922257,-4.269482972,-4.29480861,-0.337943445,-3.3479476260000003,,-0.29719687300000003,-3.93473517,-0.6537728079999999,0.464224261,0.508406317,-0.178422473,-0.553669564,,-0.9285045390000001,-1.051183247,-2.33771605,-3.211532151,-0.278565028,-1.164995888,0.648827029,-0.512170489,-3.9350873330000002,0.20007369,0.050429539,-5.16933813,-4.340086574,-0.172116453,0.053656512999999996,-0.802019947,-3.0470377089999996,-0.056857856,0.20983263300000002,-0.220781117,-1.886959485,-0.808126232,-3.792873435,-3.309163503,-1.086095726,-2.878169662,-1.661735851,-0.256608487,0.38055593,-0.38247930700000005,0.27327568,-2.08944985,-1.040832058,0.322941433,0.317905993,-0.509515478,-2.828045056,0.270365737,0.112367891,-0.182940123,-0.883995158,0.349054951,0.061792861,-3.5391364519999997,0.08770502699999999,-2.2668408540000002,-0.60587386,-4.193150258,-0.626316445,0.194492941,-3.850394966,-1.703745289,0.518581539,-2.4057141840000003,-0.161816862,-0.286125236,-2.960859981,-2.6737386659999998,-1.024060585,-2.8955530339999997,-4.83784503,-1.538190861,0.115538665,-3.9534462180000003,0.168187822,0.27925420100000004,-3.753653865,-3.017913428,-0.09767864,0.250888777,0.056798272000000004,-0.508872199,-0.213753744,-1.043499688,-2.631368933,-0.014213199,-0.403602456,-3.609808113,-2.053108183,-2.588597119,-2.616223406,-0.8291444590000001,,-1.813962747,,-2.13842062,-3.806271508,,-1.325258965,-0.471482481,-3.178313148,-0.406842555,-0.483027947,0.446787754,-0.9104193709999999,-2.603890218,-0.9673014090000001,0.36630975600000004,,-0.374965285,-0.545238895,0.290872426,0.259900089,-0.27257431600000004,-0.693164853,0.18709769,-1.600140154,-3.999718376,-1.2638610829999999,-2.740569512,-3.51676395,,-0.345362978,0.262826099,-4.311654205,-1.831417199,-1.186342623,-0.8625316009999999,0.13269746300000002,0.08728624300000001,,-3.272178517,-0.547994996,0.29496748300000003,-0.677941213,-0.7292400640000001,-1.743530662,0.31401646,-3.3056236930000003,-3.137517887,-3.1683324689999997,0.10882565300000001,-3.853385895,-2.572797876,-0.17437761100000002,-0.648788072,-1.814514275,-0.89451213,-0.53894544,0.406278956,0.477039535,-0.189731381,-0.978489232,-0.558765563,0.215787427,0.17951657699999998,0.141968056,-0.8777924990000001,-0.8098918940000001,-1.5426225919999998,-3.431556955,-1.2732627859999999,0.303967688,-2.588584633,0.36885186299999995,-2.806930883,-1.108468385,-0.066788664,-0.29111692,-0.840079152,-0.687894129,0.7642775390000001,-0.32680844600000003,,,-0.205609006,-1.4159892440000001,-0.287476606,-0.42616890399999996,0.222944313,-1.7424263219999998,-0.515337303,-3.075039008,-0.178565511,-0.307401035,-0.08098488599999999,0.603889844,0.0379718,-0.030743731,-1.43709981,-0.148951072,0.40846744700000004,0.11989873599999999,0.140601551,0.07107965200000001,,-0.425272139,0.15983520699999998,-0.395463744,-0.768462813,0.639459572,0.7449694579999999,0.047429655,0.36665172100000004,-0.666166452,0.281359071,-2.743019252,-0.067617082,-4.005361312,-0.47157158600000004,0.7723372479999999,-0.39244648600000004,-3.2840545710000004,-0.225867144,-3.4170115819999998,-0.88545145,,-2.091414016,-3.260183805,-0.25138495899999996,-1.093648605,0.80183602,-1.6668345530000002,-0.35962009100000003,-0.10620780699999999,-2.135786021,-0.024907671,-0.669459654,-1.99661826,-0.800855587,-0.30274292199999997,-0.354076593,0.000297109,0.6818906,-0.44287065200000003,0.067408938,-2.9650671610000003,-0.526348452,-1.642394381,-0.427484597,-2.6119602669999997,-3.803419537,-1.1127977759999998,0.41270805,0.027300287000000003,-0.297943687,0.200971464,-0.024218859,0.254206547,-0.6717940170000001,-0.365223928,-1.6868954569999999,-0.433796215,-0.27218608899999996,-3.0013766289999997,-0.16809764600000002,-0.319558684,0.07938406,-0.51694577,-3.773377595,-1.710271765,0.19731865199999998,0.291018306,0.745540865,-0.100752538,-0.308232717,-0.222140852,-0.148392016,-0.6053380970000001,-0.24548833,-0.49405831299999997,-0.798478795,-0.046876069000000006,-0.055932652,-0.13805036199999998,-1.240520111,-0.296906553,-0.861549418,-0.493342276,-0.6628002270000001,-0.661448309,-0.885422202,0.13390561199999998,0.085417139,-0.504216385,-0.661614945
H,0.126394955,-2.258816226,0.34095,-0.105591559,-0.22247162,0.582011932,0.21128714699999998,0.12137438699999999,-0.824534445,-2.833169898,-3.6027383960000003,-3.0641344110000004,-2.37525715,-1.695261017,-3.300775433,-0.453445761,0.316991584,0.301732761,-5.00339735,-3.728589758,-3.72744714,-3.5988998789999997,-3.909805346,-0.7775095190000001,-4.783403086,-1.109054781,-0.305420768,0.240073919,0.653245682,-0.10749294,-1.1329029,-0.608852791,-2.719902783,-1.003925414,-1.348280769,0.066358642,-1.11300616,0.485529935,0.035768108,-2.883707663,-0.329238042,-0.078241006,-0.940399949,-3.397229844,0.405986759,0.387675073,0.49787322799999995,,0.25284796,0.02533874,,0.267306735,-0.411249993,-4.922310025,-3.363412755,-0.6928494940000001,-2.094279147,-0.94838921,0.0011611710000000001,1.099249313,-1.129826892,,-0.233506191,0.14795838,0.247742275,0.858384,-1.04620405,-2.788963947,0.49506347100000003,0.048376805999999994,0.05818438099999999,-0.279070178,-0.665878184,0.079113205,-0.108131119,-0.26638127300000003,-0.63985176,0.038766083,-4.678238442,,0.124119375,-4.041457735,-3.742263592,0.201968173,-1.248553966,-0.05162407,-0.15397571599999998,-2.7592435419999997,-2.292466354,0.084828075,-3.011780378,-2.928891143,-0.079943437,-0.584751194,-2.916285116,0.179883055,1.13271228,-0.578245227,-0.083879035,0.269825827,0.220982006,0.073567301,0.563531065,0.136767774,,-2.945366733,-3.8553672139999997,-3.4732793510000004,-4.189382768,,-3.585108791,-1.4507988509999998,-3.870935712,-3.226539227,-1.093108719,-4.032715462,-3.5060528910000004,-3.850371903,-3.610415094,-3.251468827,-3.266785638,-4.183754574,-4.19238978,-2.06979213,-1.395172696,-3.3163354380000003,-1.0009486140000001,,0.41309566299999995,-0.062977138,-0.40445748,0.20626925,-0.54978078,-0.08806427300000001,-0.424914744,0.28972395300000003,0.002426386,-4.103429286,-3.090200657,-0.056391445,-0.21206185,-2.4116191380000003,-0.90090736,-0.9137144690000001,-0.6569587960000001,-3.946826047,-1.007799295,0.260247279,-0.9799114329999999,0.41697190100000003,-0.295463867,-3.8179545060000004,-4.2245079830000005,-0.9739624109999999,-0.071883894,-0.475276892,-3.708913847,-1.091650125,-0.090125298,-1.338165727,-2.066652303,-4.273254025,-0.054354207,-1.399647945,-0.788941522,-2.902767327,0.336044756,-1.588577984,-0.47144228,0.602234026,-0.9438986509999999,,0.102909313,0.232747332,-0.464775231,-0.13904062,0.155116289,0.22144499,-0.39796445700000005,0.124131614,0.19591993600000002,-3.2523035589999996,,-0.25844706100000003,-3.7924790969999997,-0.044538423,-2.216237949,-0.8315621870000001,0.010224361,0.275540484,-1.897130353,-0.274028229,0.114699496,1.2372504770000001,-0.037455937,1.1424402009999999,0.432203739,0.5506304470000001,0.008870362,-0.5311692370000001,0.214592917,-1.361978409,0.43714943700000003,-3.920061741,1.3215414159999999,0.046162125,0.434967835,-0.403470273,1.478387395,0.590106833,-0.036972537,0.067101325,0.314823882,0.50950827,-0.509857376,-0.07248874,0.5356615,0.263825402,0.096651454,-0.197603771,-0.156237023,-0.402434661,-0.065315079,-0.251211636,-0.141549833,-0.639432173,-0.012936226,-0.8268829659999999,-0.639168421,-0.176956589,-2.2642225519999997,0.354209878,-0.980131,-0.676743812,-0.606529494,-3.3251413339999996,-0.370632465,-0.429877558,-1.84204098,-3.787642644,-0.37245070799999996,-3.735618285,-0.459181038,-2.159734636,0.26579247,,-0.09121834599999999,0.983552313,0.5164229,-0.49773905799999996,-0.15004483400000002,-2.156211971,0.55357352,-0.9187985390000001,0.8272637559999999,-0.239609431,-0.63879626,-3.278372969,,-2.85908375,0.14127884699999999,-1.6256384080000001,-0.9224668220000001,-4.040203757,-0.838089428,-1.151518945,-0.35096220200000006,0.10247561699999999,0.35906395,0.448717639,-0.233022697,-0.0019307489999999998,-0.329698331,0.148309726,0.061855529000000006,-1.062272576,-0.039158565,0.054464792000000005,-0.045993322999999996,0.086996067,-2.522204489,-2.170458998,0.041824662,0.164424192,0.31334359,-0.5997480470000001,0.18978920300000002,-0.345757383,-1.066465056,0.026639396,0.449963348,-0.147377446,-0.7065140409999999,-0.158144606,0.032631709,0.201301001,-0.810434291,-0.880035493,-0.7622715790000001,0.084139054,-1.1577072240000001,0.051310010999999996,-1.1802884059999998,0.274056276,1.365693176,0.07679747099999999,-0.228043916
I,-0.045033166,-3.407494813,0.137711574,-2.117484277,0.040308349,-0.87733091,-0.7647019279999999,-0.252636997,-1.5096422090000001,-0.96765149,-3.638243423,-1.766782387,-0.687361353,-3.220512528,,0.197949033,-1.0133731879999999,-2.7019644119999997,,,-2.2711662759999998,-0.876619465,-2.975031452,0.9060393840000001,-2.570443416,-3.539619876,0.253647381,-0.35736306100000004,0.6816992409999999,-0.12325109599999999,-0.43934865700000003,0.07445473,0.106234445,-4.331241765,-3.062675855,-2.263919724,,0.733441418,-1.149818792,-0.8502150559999999,0.031210434,-0.24474918,-2.1682771780000003,-0.47513418700000004,-0.7197850729999999,0.088001519,-1.828147472,-3.526381297,-0.10652750300000001,-0.7500867179999999,-0.700717858,-0.550412111,-0.056507312999999997,,-1.199213122,-2.212385345,0.10740066599999999,-2.289302294,-0.07676204,-0.524435102,-1.620994957,-0.043911109000000004,-0.263928571,-0.44468139700000003,0.139454069,0.144737519,0.132226301,-1.0253526020000001,-0.9982169340000001,-0.5580224979999999,0.288921384,-1.3750186130000002,0.420220689,0.23884075899999999,-0.773588423,-0.121236605,0.324706265,0.156065818,-3.947753177,-3.914889703,-1.5964320140000001,-0.09464769199999999,-0.5600320639999999,0.266842848,0.155633506,-0.37256914700000004,0.7674545420000001,,-2.153325545,-0.784691487,-2.494389443,-2.727902209,-3.3277447510000004,-3.716396107,-0.198335819,-1.245128458,-0.180072007,-3.488970896,-1.263133907,-0.29604988,0.299323493,-0.316200126,0.204873522,-0.31008658699999997,-3.880642763,-0.046148375,-2.573556475,-0.935394299,,-3.3582517239999996,-3.116267272,-0.673494835,-4.258580102,-4.011420579,-2.069831242,-3.581864687,-4.1307084839999995,-1.91132903,-4.419324048,-0.046081038,-1.711118421,,-1.613985245,-0.5309865970000001,-0.057248243,-0.194015589,0.516510355,-3.3213386480000002,-0.285896712,-2.00985809,-0.9379047490000001,-0.5033418270000001,0.385874441,0.383853867,-1.166012498,-0.549066658,-0.40306122,-1.3887280819999999,-1.522475281,-1.0370468240000001,-1.468281925,-2.733331854,-3.380892645,-0.032475872,-0.189441442,-3.455821652,-1.761999319,0.326381649,-1.7671734909999999,-1.109722725,-1.54331957,-3.6135047719999998,0.15659795199999998,0.085566516,,0.681721932,-4.483950124,-4.666512668999999,-0.005030585,-2.162626406,-0.196870241,0.607915552,0.124835692,-2.7972592769999998,0.259389474,-1.823909618,0.018048948000000002,0.505666533,0.09377735,-0.340391896,-0.133646867,-1.264404075,-0.26080560199999997,-0.542131039,-0.324436813,0.468643366,-1.184032335,-0.312737308,-0.09685786199999999,-0.261887724,0.326844019,0.24744528899999998,-1.127986987,-0.568138048,-0.24233202899999998,-0.003557194,0.51475138,-0.267552856,0.104464019,,-0.948759554,-2.791383105,-0.577010272,0.791676335,-0.181166694,-0.901316065,-0.054370213,-0.512849435,-0.992991348,-1.084904284,0.383834326,-0.072214647,-0.119159476,-0.084991679,-0.441839704,-0.272018175,-0.17396952300000001,-0.04740437,0.442948985,-0.078916403,,-0.764934605,-0.422871473,0.187273711,0.14769127699999998,0.051806064000000006,0.047137549,-0.10133807199999999,0.661711504,-1.8098887890000002,-0.177518316,0.286643003,0.007023903000000001,-0.124547361,0.068581556,-1.7152002880000001,0.47466740700000004,-0.47995815399999997,0.151999034,-0.612401315,-0.292904396,-0.386368087,-1.2987903920000001,-0.02604294,-0.6799150190000001,0.277083815,-0.085441617,-3.70645847,-4.372087056,,0.043826624,0.479327857,-0.115887259,-1.728834464,-0.26778505,-0.035641778,-0.739948748,-0.189186909,-0.412431108,0.211712819,-0.811376322,0.073584136,-0.35378793799999997,0.276343529,0.394536868,-0.500293787,-0.227624975,-0.754172145,-0.312917104,-0.066632035,-0.26166839399999997,0.046098445,-3.311329156,-2.033304123,0.30879140000000005,-0.138644878,,0.276426917,0.335266733,0.43019094799999996,-1.7176954180000001,-0.35737579,-0.36526984100000004,-0.238219142,-0.395170749,-0.190847095,-0.041909163,-0.784966275,0.232234813,0.43283375799999996,-0.090288941,-0.995687303,-0.27543328,0.065099856,0.199127777,-0.43419307,0.10804437199999999,0.066894812,-0.283199949,0.902762292,-0.065832929,-0.373490855,-0.289197432,-0.11147775800000001,-0.026433001,-0.16175510199999998,-0.148416344,-0.281753265,-0.1663017,-0.335616684,-0.187016658,-0.045412453,-0.763477356,0.393436955,0.048065048,1.02777695,-0.42630929
K,1.113981869,-1.6495639430000002,-2.10897332,0.416351979,-0.024598575,1.512141108,-0.247946472,-2.0186574530000003,-0.8746516540000001,-3.557802155,-3.637591778,-3.105070627,-2.50049568,-3.169997593,-3.356952483,0.275858489,0.33465072,-0.891471351,-4.432257626,-4.162731078999999,-4.654346263,-4.171182135,-4.59022288,0.19165614,-2.912095121,-3.654752005,0.113793565,0.70217859,-1.6492539640000001,-1.02235878,0.152128228,-0.490778961,-4.2455714030000005,-1.357001423,-2.8642358519999997,0.048250043,-1.5903159569999998,0.177177904,-0.20933395300000002,-3.1780889119999998,0.334625434,0.321146973,-3.800210711,-4.610671755,0.107897114,0.275933158,,-3.634333567,,-0.424851806,0.138574526,-1.906838656,,-4.5429685,-3.534172357,0.14137724699999998,-4.1045726369999995,-4.360246146000001,0.445681774,0.307479742,0.41089327600000003,0.502881833,-1.241226596,0.293638802,0.382825829,0.516122053,,-2.134795668,0.06418551900000001,0.451317445,0.685619992,-0.28886439,-0.006491156999999999,-0.006545195,-3.2579457489999997,0.348657004,-2.7687642410000004,0.193363377,-4.492721501,-0.609871184,0.316295131,-3.6350835260000003,-2.5706997119999997,0.452654426,-3.317875476,-0.291393872,0.157500812,-3.13507107,,-0.749507505,-4.004273866,-3.3898188869999997,-0.533395162,-2.624927174,-4.062272065,-0.172674451,0.271388532,-4.215000433,-3.894541962,0.050852099000000005,-0.042298181,0.26790901100000003,-0.6859174140000001,-0.5295240520000001,-1.447680569,-1.491631106,-4.222756183,-3.889930664,-3.573293867,-3.752343678,-4.361326486,,-3.18887921,-2.4543701540000002,,-3.343664828,-3.5400115619999997,-4.038418962,-5.0584782619999995,-3.656068313,-3.338366738,-3.4874118710000004,-4.595884423999999,-3.2241539360000004,-3.629536869,-3.437913656,-3.3405666430000003,-1.483314894,0.013117493999999999,0.025945655,,-0.913528164,-0.682771838,,-3.215619612,-0.36374763600000004,0.051263445,-3.25060476,-3.4454082410000004,0.511409245,-0.696631709,-4.029673262,-2.634536092,-0.349899677,0.45186699700000005,-3.061396727,-3.9819934139999997,-0.48363636,-1.518345586,,,-4.614521138,-3.732105251,-0.222480302,-0.189618256,0.444145339,-3.6448671389999996,-4.681661415,-0.384006247,-0.209148206,-3.049443188,-3.5223839889999997,-0.346176276,-3.365986069,-2.318368747,-0.690298093,-0.268769688,-2.795975939,-0.175535248,,0.693506011,0.647796494,-0.414253094,0.764808533,-2.979370375,0.36337903,0.124986825,0.101929265,-0.45949783,-0.04222334,0.350329031,-3.6404020239999997,1.056429736,,-3.968497995,1.726618583,-3.198369814,-1.4248483840000001,0.983425652,-0.277671897,-0.820693722,-2.325932515,-0.635866554,0.16180106,0.736634019,0.6248733129999999,-0.619428712,0.541158581,0.17715950800000002,-2.377328452,0.434904746,-3.0502194,1.3395767,-4.003061216,-0.111720549,-0.386601197,0.016926932,,0.094319691,,-0.185358582,-0.43948888399999997,-0.751958127,-0.718511612,0.243424174,-0.057153272000000005,-0.059388945,0.033644383,0.552940093,-0.658359027,-0.8690935359999999,-0.079790955,-0.690247396,,-2.089509891,-0.7723845420000001,0.219865438,-1.382089467,-0.140576655,-2.566498073,-0.346139322,0.337270329,-1.3128045179999999,-0.7607995329999999,-0.07168416700000001,-4.781892782,-0.398278376,-0.06593344400000001,-4.1357604839999995,-4.182129227,,-5.297296757,-0.761849778,-3.271192837,-0.518074227,-0.7395315659999999,,0.052461260999999995,-0.252323754,,-0.543596362,0.446292103,,,-0.381589038,,-0.9272644170000001,-3.706627113,-0.273837082,-3.459965772,-2.580845178,-3.148688126,-3.9178116889999997,-3.993959419,0.19541814899999999,-2.005223408,-0.279695294,0.161484187,,0.081151655,-0.211992531,0.14151271599999998,-0.317490345,-0.321744579,-0.156219335,-1.329528883,0.062485785999999995,,-0.128859568,0.529077303,-3.6375834389999997,-5.376180354,,-0.158962767,0.516149823,,-0.450996072,,-0.360398596,-0.37149096,0.068373509,-0.319877206,-1.020419843,-0.18055088800000002,-0.092969315,-0.162603694,-1.182407147,,-1.8026034780000002,,-1.294599019,-0.47556428,-1.609313115,0.526063966,,-0.202571964,0.025939651
L,-0.713864625,-3.308396455,-0.007699256,-0.7554078040000001,0.194442174,0.289759072,-1.1320179259999998,-0.910884348,-1.2847139459999999,,-3.2852106539999997,,-2.9950743969999998,-4.008634628,-0.553655211,0.214522579,-1.066969815,-3.722250747,0.30501390300000003,-0.01296582,-3.622037133,-0.646829733,-3.662947098,0.052252074,-3.7723744519999998,-4.646612028,0.370722417,0.132894145,,-0.531725749,-1.06648869,0.57731325,0.354648316,-0.93901457,-4.054789162,-0.86723057,0.289991169,0.583939546,-0.85040895,-1.730086255,-0.258948621,-0.22021866399999998,-0.698916775,,-0.856744505,0.15281625199999999,-1.044531987,-4.808643836,0.060651492,0.150340054,0.449783749,-1.593389159,-0.761975469,0.21134802,-2.255657223,-2.9508544810000004,,-1.063172981,0.112082103,-0.614626078,-0.640723929,-0.228563215,-0.36761635,0.042528635,-0.06451650099999999,0.240901808,-0.5216004679999999,-0.643745302,0.314393233,0.486477946,-0.11603362800000001,-0.7005917309999999,-0.21803974399999998,0.393169885,-0.529649814,0.010020476,-0.31138553,0.549319648,-4.241616393,-3.2202410230000003,-1.15575215,-3.4142427360000003,-2.479382146,0.008818584,,-0.32748452,,-3.113423664,-0.711825885,-0.577947536,-0.40954127799999995,-1.696323526,-0.121930365,-2.9184020019999997,,-2.7066412680000003,0.49606714,-1.880273659,,0.278253749,-0.230005128,0.19366446699999998,-0.765296612,-0.187094127,-1.9046811940000001,-0.797882566,-3.421430454,-2.0291692390000002,-0.417118505,-4.036384479,-3.8616443030000003,0.077279525,-3.546154638,-3.638460634,-2.665785552,-3.5829418989999997,-3.098140476,-3.816411333,-4.266844819,0.637751257,-0.469266777,-0.7515467020000001,-3.3479422530000003,-0.794539496,-0.304426787,,,-0.419802933,0.050398434000000006,-1.976174511,0.121088079,-0.222261613,,0.328567553,-2.156452364,-0.09999,-0.129747975,-2.0905330159999997,,-2.978147545,-2.456500643,-2.631137789,-3.326215372,-0.049483438,0.243452635,-3.695024632,-1.5295740180000001,0.271406887,-2.2659760540000002,0.040354073,-0.748391523,-4.3085522869999995,-1.458693495,-0.35257805700000006,-0.297447145,0.161043842,-3.839766187,-3.372063497,-0.24796515800000002,-0.49889134399999996,-0.697694768,-0.45591025399999996,0.549060255,-2.077881735,-3.188831238,-0.5509780910000001,-0.566581591,,,-0.030359847000000002,-0.273575647,0.160996458,,-0.56480598,-0.28006536,-0.42350029299999997,-0.423228425,-0.17407737399999998,0.333902317,,,-0.21308111899999999,-1.1139615920000001,-0.489010358,0.216218414,0.375319095,-0.834055194,0.11542831199999999,-0.122661429,-0.143508305,-1.1511473840000002,-0.6090427110000001,-0.487284138,0.24622298,-0.27549496100000004,0.151783424,0.068923209,0.146988023,0.105604141,-1.013506065,2.569941519,1.235044839,-0.731685186,-0.263443049,0.05234627,-0.36691704,,-0.10718633,-0.20000931600000002,0.17083081,0.314390257,0.927869327,-0.08729995199999999,-0.26508724699999997,0.312799313,0.071161587,-0.34904000799999996,-0.478083198,-0.36483560600000003,0.22653032899999997,-0.04958407,0.413204829,-0.044314964000000005,-0.423339945,0.171033961,-2.05187649,-0.07727416200000001,-0.964800641,-0.944843227,0.419201042,-0.540731457,-0.6789968259999999,-1.62165261,,-0.810660649,-0.323378018,-0.544121314,-3.2982782530000003,-5.09138957,0.258894593,0.261891068,-0.165210073,-0.134643548,-2.0559639730000003,0.35246006799999996,-0.14759201800000002,-0.9704481009999999,-0.7183176059999999,0.443238974,0.531466754,-0.163757612,,0.21510799,-0.164703756,-0.221549981,-0.8814768940000001,-0.313448627,-0.68851924,-0.021571084,0.253328072,-0.41887030700000005,0.011318534,-3.4090070110000004,-0.587319506,-0.264797874,-1.0380286429999999,-0.088402966,0.75184484,0.013659211000000001,0.16390349699999998,0.020053345,,-0.22521506800000002,,-0.130258972,,0.23825271899999997,-0.12643691599999998,0.231888465,-0.212659606,,-0.471690063,-0.17816722699999998,-0.162702585,-0.13191546199999998,0.047688179000000004,-0.011691495,0.016231,-0.16725190199999998,-0.47724091799999996,-0.028105896000000002,-0.21689340699999998,-0.327920709,0.018903315,1.819490999,-0.006894751,0.11980193199999999,0.9344456309999999,-0.077932077,-0.22789111199999998,,0.06842988700000001,-0.634125645,-0.069796342,0.13873376699999998,-2.451532069,-0.20243110399999997
M,0.447894475,-1.400402786,0.35510166200000004,-0.7702229279999999,0.271121798,-0.18111706,-0.812580049,-0.729916192,-0.893334455,-0.875034709,-3.113372285,0.056647814000000005,-1.230026443,-2.8999310169999997,-0.32915442899999997,-0.49946887100000004,-0.503970756,-1.009692894,0.44516522399999997,0.242480675,-2.526774574,,-2.791921924,0.142295353,-1.799980925,-2.349008915,0.316735848,-0.633480526,0.235027632,-0.152893657,-0.023129967999999997,0.44545460200000003,-0.453167428,-0.8878941640000001,-3.137226394,-1.112484862,-0.26122694,-0.075809292,-0.810717933,-1.302440433,0.105555774,-0.218406035,-0.140475454,-0.180985925,0.19425095399999998,0.287872712,-0.156186968,-3.885937507,-0.361042684,0.221447857,0.274197768,-0.22379119600000003,-0.158584781,-0.347990375,-1.474383755,-1.900555615,-0.425318084,-0.912856585,0.17716169,-0.159880495,-0.902199822,-0.104427525,-0.937904935,-0.510708112,0.191226435,-0.676471197,-0.28522829,-0.34984033299999995,-0.12206645,0.398121815,0.881408145,-1.165005569,0.417612382,0.06427986,-0.584279653,0.213451522,0.112052736,0.21035067600000001,-3.995184821,-2.106967986,0.581706088,-3.2766439610000004,-1.894356072,0.246238165,0.102313794,0.415626485,0.161826933,-1.376858827,-0.461907905,1.043502979,-0.8441892320000001,-3.4103929410000005,-0.862662155,-2.738099104,-0.766139383,0.16832771800000002,-0.227461733,-2.9534802339999997,-0.7391048570000001,0.010093951,-0.004164556,-1.694105767,-0.188187865,0.052022244,-0.853191637,-0.549210351,-3.179412695,-2.597679551,-0.91053514,-3.787004454,-4.447184018,-0.123981089,-2.983344753,-3.351351628,0.46629016100000004,-2.189301505,-3.1022634019999997,-2.781812936,-4.418617676,-0.677428362,,-0.199698619,-4.102223073999999,-0.5357234989999999,-0.871729802,0.036183432,0.7152823859999999,-0.17657293899999998,-1.333783522,-0.30262652,0.10444546699999999,-0.5247773170000001,-0.137024297,0.294326831,-1.886470678,-0.580241861,0.046375362,-2.653819499,0.8693574209999999,-0.198131585,-1.60794552,-2.6930673780000003,-1.352983775,0.393843271,0.14542649800000002,-4.004145899,-0.11610472599999999,-0.690863615,-1.5097648959999999,-0.707332417,0.298983325,-3.848715462,-2.073735953,-0.7136528109999999,0.123431539,0.217087848,-4.545901493,-1.570446416,-0.120401552,-0.571507587,-0.815997289,-2.2557420130000003,0.8149779890000001,-1.151359118,-0.29222119399999996,-0.369747829,-0.20768036,-1.5651962069999998,-0.876757256,0.385733877,0.607380988,0.246814014,-0.15924432,0.33792397799999996,-1.081645667,0.26839469,-0.264414277,-0.803543583,-0.893111943,0.583599801,0.448824206,0.40747588,-0.232211775,0.37499053200000004,,,0.390838067,0.775688815,0.368401542,-0.214898216,-1.072740453,,-0.37330673700000006,0.17841096399999998,-0.171513213,0.214955998,0.373682811,-0.135384063,0.09383334,-1.019879809,0.47865439299999996,0.135031703,-0.083279827,-0.20373927600000002,-0.401814325,-1.5929123790000002,0.199468074,-1.282267997,0.441991642,0.375265442,-0.679155106,0.151652246,0.40397779799999994,0.18102796100000002,-0.059297077999999996,-0.413887336,0.130691112,-0.025665827000000002,-0.41865357700000005,-0.823937716,-0.087578815,-0.184270842,-0.142867086,-0.204965082,-2.6152285969999998,,0.218499296,-0.29755482699999997,-0.324354993,-0.433333997,-0.295141621,-0.33394995,-3.16801201,0.375903938,0.582409769,-0.30689816,-0.347547447,-4.2372574919999995,-3.969014097,0.243798465,0.219096965,-0.9068321420000001,1.854450925,-0.43048073299999995,-0.424999035,-0.675802782,-0.731596824,0.047646494000000005,-0.596743559,-0.19899057899999997,,0.29090039300000003,-0.529381446,-0.354557942,-1.706054505,-0.67494843,,0.056377912,-0.545733923,0.095386519,0.42507356799999996,-0.105983725,-3.93297608,0.124574627,-0.6804463070000001,0.650491492,0.258387194,-0.128748952,-1.070392633,-0.443507562,0.039186984,-0.067110984,0.235772609,0.101439284,-0.478623798,0.229608665,-0.8253057779999999,0.14213350800000002,-0.481793488,0.07409756299999999,-0.18404308100000003,-1.46531569,-1.1686932429999999,-0.010028544,0.051268764,-0.078860233,0.260339887,-0.255461387,-0.18866389600000003,-0.24916674600000002,-0.219677795,-0.175552018,-0.26093399300000003,-0.09066252699999999,0.04392522,0.067978367,-0.125775836,-0.328443675,-1.592959129,-0.170479933,-0.7217487840000001,0.031302687,-0.21477726100000002,0.273073795,0.052002161,-0.548192682,-0.417044385
N,0.9941180620000001,-3.1966618010000003,-0.6168572139999999,-1.9427507419999999,0.588163378,0.6130243670000001,0.156607864,-0.6819877190000001,-0.063857879,-4.042999729,-1.5497910259999998,-2.7661718389999996,-0.6472804839999999,-2.8005287,-2.594055585,1.198562695,0.44421952200000003,,-2.192508555,-3.8135101689999997,-3.502299223,-3.843097621,-2.6329056509999997,-0.213735538,-4.2684205539999995,-2.082961631,0.100399781,0.154476319,-2.023885832,-0.832732424,-0.6751809059999999,-0.650553512,-2.9570401769999997,-2.790708558,,,-1.2733978609999999,0.10358362199999999,0.20846623600000003,-3.493868224,0.32835514,0.70863284,-4.343444827,-4.643239839,0.28931325199999997,0.218903438,-0.44970794799999997,-3.0349699589999997,0.114095061,,0.08767421800000001,-1.7563731519999999,0.045701596,-2.566349611,-4.920080583,,-3.10787446,-1.466103613,0.21799539699999998,-0.136776826,-0.626465662,0.155916526,-0.95422219,0.512837648,0.214807427,0.537610015,-0.44840062799999997,-3.3609177439999995,,0.167624199,-0.23938178300000001,-0.516863548,-0.23736565199999998,-0.11629313599999999,-2.22124405,0.65271432,-0.9613896129999999,0.587302886,-0.610590006,-0.507119121,,-3.726719082,-3.621162884,0.278544465,-1.707087325,0.123078144,0.29149711300000003,-4.085979598,-1.878185555,-0.01192445,-3.769262617,-0.5524696139999999,-0.014247147,0.078233965,-2.91796701,0.13715422800000002,-0.989575208,-3.154003392,-1.019891088,-1.005078147,0.334477221,-0.467409746,1.063191582,,-0.629701738,-2.986136355,-3.778259282,-3.020826371,-4.943503188,-0.8908378259999999,-3.85143508,-1.671725035,-3.361787081,-2.564430869,-1.4172491790000001,-3.707799676,-4.422171808,-4.775644012,-4.931705168,-1.726633585,-2.562215812,-3.3425159860000004,-2.519841113,0.107272193,-3.250387082,0.35601116899999996,-2.174637232,-1.488297961,-0.266977979,-0.331766808,-0.00044593,-0.212722871,0.465489266,0.36837163100000003,-3.268058289,-0.350113414,0.006372743,-4.315546566,-3.323123135,-0.12500649,-1.520247519,-2.937085175,-2.62720862,-0.319447238,-0.647161222,-4.038336297,-1.567353173,-0.880915578,-0.7198936109999999,-0.092489529,0.274659905,-3.67163896,-3.2821860110000003,-0.330359334,0.092185874,-0.08279067400000001,-1.092185723,-3.7795370530000003,-0.04929763,-1.7302148569999998,-2.923917577,-3.198534763,-1.4261199869999999,-2.632571107,-2.803733981,0.026398927000000003,-0.162591394,-2.8751995010000004,-1.4337025780000001,-0.124557678,,-0.001071127,-0.29121890300000003,-0.052395620999999996,-0.590068982,-0.13101734199999998,-0.40250587299999996,0.11960834099999999,-0.200157182,-0.62409572,0.10707735300000001,-4.511091486000001,0.149028454,0.124211263,-4.262493639,0.23573011100000002,-3.499609668,-0.535187885,-0.16804107899999998,0.986100722,-0.60328258,-0.008032073,-0.16275656,-0.37723957799999996,-0.158119069,0.077410544,-0.495819055,-0.129158388,,-0.223572052,-3.7735465789999996,-1.7796060880000002,0.025105579,-3.3978558710000004,-0.378648683,-0.701651908,0.722151288,0.63173832,0.582177884,-0.170332906,-1.362653766,-1.204641127,-0.19685849100000002,0.365025809,,0.365075495,0.031901231,0.18768088100000002,0.033043157000000004,-0.47519993200000005,-0.697749817,-0.153698312,-1.461596712,0.427365515,-0.121909191,-0.659281538,0.17539343899999998,-4.511043855,0.077675026,-2.560985547,0.05488414,-0.510600134,-1.353917003,-2.042136896,-0.105677102,-3.007131783,0.17777807,0.30172223600000003,-1.272373192,-4.338517005,-0.080783403,-3.4450433960000004,-0.432394991,-3.24090038,-0.435764507,-0.22738733100000003,-0.224111215,0.451366831,,-0.664740119,-1.335083547,-0.38922278,0.125992873,-0.368376546,-0.5956890260000001,0.31346897100000004,-2.573026914,-3.952691976,-0.38185654,-3.37646489,0.215974495,-2.603858827,,-2.700227253,-0.08462030400000001,-0.585351785,-0.923408415,0.803741468,-0.240823017,0.20629232399999997,0.595274881,-0.417618802,0.074049452,-1.3534871019999999,-0.54160433,-1.91541425,0.20583181899999997,-0.245525175,,-0.08055635,-2.26878391,-0.9291510609999999,-0.025499407,-0.031410027,,-0.146768858,0.257020242,-0.580603864,-0.138698619,,-0.29112362,-0.469287661,-0.846448235,-0.084397635,-0.107742479,,-0.83144963,-0.240513143,-0.8191768229999999,-0.144667865,-0.599665783,-0.37312298899999996,-1.413982737,0.301604017,-0.329282125,-0.012625383,-0.19651432
P,-1.118483561,-4.67631353,-4.358958233,-0.913807083,-2.4424880069999997,-0.307713975,-0.784886243,-3.5588882000000006,-1.489667331,-3.0619003360000003,-4.630854328,-3.083748852,-4.324008353,-1.791262015,-2.51687216,-2.575322155,,-1.420894963,-4.811872934,-3.6834688630000003,-3.0247690510000003,-3.333195992,-0.6691548310000001,-3.688155033,,-2.218450583,-0.25978623,-1.81898593,-2.447864462,-1.130194973,-0.9890318029999999,-2.483516942,-4.260495326,-3.493240943,-3.651492662,-0.8118322570000001,-4.41743526,-0.837334597,-3.315929554,-3.5170058319999997,-3.310142846,-2.856919725,-4.253705463999999,-5.112987723,-3.749780485,-3.5609663,-4.498721768,-3.168614892,-0.9307995259999999,-0.8052008759999999,-3.5678823439999996,-3.817095391,-1.694649179,-3.635556438,-4.344826374,-2.3783159830000002,-4.265500945,-4.320434354,-0.24024215,-1.751366464,-1.378603506,-0.040913227999999996,-0.281344184,-0.041809346000000004,0.474923873,-0.540154208,-1.3856942330000002,-2.575791945,-0.169614842,-2.714182517,0.272258417,-0.97656326,-2.188961661,-0.613383675,-3.378631708,,-5.0981356589999995,0.346566395,-5.207648838,-3.9545828039999997,-4.326382731,,,0.385182197,-0.20186070399999997,0.768875535,-2.976724884,-4.243126536,-1.9043739880000001,,-3.953376405,-3.515135453,-4.815546855,-4.171085415,-2.942039624,-3.501015003,-2.8623000089999997,-3.722719581,-2.819480043,-3.3866102639999998,-1.68584499,-1.1845048,0.30414104399999997,-0.550252724,-1.593232261,-3.650906134,-3.4173247389999997,-1.981649721,-4.396131331,-4.1173557910000005,-4.506888719,-4.3957887719999995,-2.314319604,-3.725649255,-4.5000370169999995,-2.812428632,-3.1534313380000003,-2.7555568760000004,-3.436944125,-4.347403493,-4.704601374,-4.174064636000001,-3.402724581,-2.909539881,-4.399538618999999,-4.5939046480000005,-4.064423515,-4.001333421,-3.689950405,-1.32317872,-0.470441682,-1.191512552,-0.186040118,-1.4714693380000001,0.12353572300000001,0.40304645100000003,0.0072766919999999995,-2.677492534,-2.667508888,-4.081988624,-4.133895229,-3.753175629,-4.060809111,-1.7918165659999998,-4.363061235,-3.7337272489999997,-4.177758536,-3.780167717,-3.223314533,-2.561199292,-2.720705938,-4.071961626,-2.857569378,-2.886146952,-2.165350795,,-3.906805938,-3.9697135169999997,-4.425129043,-3.975385795,-4.233121399,-3.150334795,-4.043597533,-4.438750555,-3.6033544230000003,-3.605602428,-4.0572789369999995,-3.166683355,-2.551614103,-1.450067901,-2.060297249,-0.153098719,-0.36840391899999997,0.073118238,-0.022697221,-1.427668589,,-0.056787215,-0.786671331,-2.767623865,-2.9753079710000003,-3.375497634,-3.014935988,-3.9118345999999997,-3.607101229,-0.582394619,-5.730118591,-0.252023199,-2.501410543,0.23217705,,0.625901162,0.43422548899999996,-0.617667254,-0.24087626899999998,0.649800831,0.24502072600000002,-0.281193745,-0.264808585,,-0.854975595,-0.456611376,-3.4322459660000004,-2.299019396,-2.571580339,-0.696254455,0.32188432,-0.547704971,-0.31438475899999996,0.168358361,0.179465923,-0.9417360790000001,-0.042709407000000005,-0.392647875,0.403005272,0.346730605,-0.30301288600000004,,0.589024412,-0.11170349199999999,-0.609315218,-0.102961554,-0.34385751200000003,-0.585645296,-0.309319901,-1.8962368369999998,-0.117105709,-3.62120015,-0.006024729,-2.7951173189999996,,-2.429704055,,-1.784237452,,-2.95498731,-3.317117091,-3.71444049,-3.681435998,-4.054784654,-3.9877045539999996,-3.4775788810000003,-1.055031138,-2.847847383,-3.2315248289999996,-2.852245275,-0.12163765900000001,0.175907413,1.145295269,0.259657317,-2.164314442,-0.316955762,0.03104789,-0.739689866,0.661108473,-1.223822418,-0.28015983899999997,-3.6696103989999997,-3.655091225,-0.453397425,-3.0356874360000003,-5.025163687,-3.9041504239999996,0.277426258,-4.464234383,-1.032123922,0.158663537,,-0.332975485,0.320937896,-0.554244775,-1.74442367,-0.323164086,-1.2046748809999999,-3.143921554,-4.49212624,0.147777256,-0.17613462100000002,0.083036716,-3.378885955,-4.488790041000001,-4.3249326880000005,-0.561439539,-0.008192788000000001,-0.17915339100000002,-1.1136111229999999,-0.72807672,-0.641589917,-0.237420132,-0.6603845070000001,-0.619044061,-0.924113682,-1.269007361,-0.548891986,,-0.5458657960000001,-1.81349358,-2.28396915,-1.652384817,-2.848753675,-1.7260282130000002,-0.88883692,-1.545753711,-0.771806784,-0.455950915,-0.40803833899999997,-0.884076174
Q,-0.49047526799999996,-3.837186636,-1.329929717,,1.059793628,0.529576804,-0.385038809,-0.40671974200000005,-0.991332526,-4.311529608,-4.500885286,-2.934161956,-0.354606011,-3.159973786,-2.8862559780000003,0.27683468899999997,0.137296642,0.047474918,-2.7320287839999997,-3.6248257510000004,-4.005563321,-2.934642858,-0.17488293800000002,0.529003184,-3.240416505,-3.04301086,0.633157654,-0.103817588,-0.973631508,0.29904741,-0.562059567,-0.454414537,-2.7388607819999997,-2.013895031,-2.289988262,0.11495104699999999,-1.0143585290000001,0.174580866,-1.381860232,-2.4822248680000003,0.300927737,0.046644639,-3.252251448,-3.8737533589999997,0.20078671399999998,0.26974374,-0.012325373999999998,-3.74841386,0.629233171,0.003415725,0.39681542200000003,-1.5644101240000001,0.19190915600000003,-2.700832965,-3.834559961,-0.147715021,-3.138634595,-1.10955488,0.234586446,0.028235747999999998,-0.7977781140000001,0.11797012800000001,-1.329475182,-0.44514593399999997,0.020063665,0.37556902299999995,-0.31218571,-2.683307478,-0.149974135,0.679118362,0.532680749,-0.048162249000000004,0.37988192600000004,,-2.079014014,-0.623885365,-0.827104024,-0.27251739399999997,-4.18088505,-0.091201798,0.24068511399999998,-4.8596675430000005,-1.7835782569999998,,-0.19173068899999998,-0.077542296,-0.45785333899999997,-3.0641099210000005,-0.48726437200000006,-3.037090355,-3.390872812,-3.158166042,-1.05032598,-1.141679891,-3.725037458,-0.121291021,,-2.39114855,-1.130606088,-0.011274714,-0.01712155,-0.7911303959999999,-2.425336342,-0.102613422,-0.930937708,-2.3873272169999997,-4.5183149039999995,-4.58563235,-4.054182956,-1.32074253,-3.3634714189999997,-0.854224144,-2.618798455,-2.875239177,-0.9991530359999999,-3.683704263,-2.04016411,-3.768698908,-4.053719012,-1.632835821,-3.0766271439999997,-4.172657793,-3.9242259930000003,-0.848442582,-2.3204814259999997,-0.70898962,-0.5962518929999999,-0.206474081,0.135925678,0.33242899800000003,0.132805218,0.21953027,0.313585974,0.095430711,-2.183149339,,-0.407816031,-3.824810335,-1.4094175880000002,0.04789311,-1.6961603109999999,-4.450384272,-0.884046718,-1.213360147,-0.799133035,-3.928364727,-2.060895111,0.277159223,-1.4959375959999999,-0.039947998,-0.25279325199999997,-4.396882799,-3.53969108,-0.500798664,0.260777952,-0.202749979,-1.9968505619999999,,-1.060629681,-0.10427227800000001,-0.326760175,-4.316219782,0.100332855,-2.331553999,-1.68411104,0.340933611,-0.504781495,-1.8977542580000002,0.406629653,0.151628681,0.329933696,0.29956551,0.00054157,0.267779586,-0.39978754899999996,-0.007726934,-0.04958851400000001,0.650860161,-0.197289778,-0.269262984,-0.9111772459999999,-3.362824696,0.311118775,-0.7191382009999999,-2.38389086,-0.420281986,-3.024699385,-0.194830439,1.050440467,-0.080731182,-0.7432097459999999,-0.757250746,0.537000378,0.853648935,-1.251929498,-0.056910588,-2.26000715,-0.454283194,-0.040190997,0.058632904000000007,,-0.70664668,0.069306324,-3.749743154,0.623002268,,0.20798275100000002,-0.264545386,0.7133222909999999,-1.333549569,-0.642744286,-0.441314276,-0.06726570700000001,0.130232179,0.455165075,-0.045268000999999995,-0.536842805,0.163548152,-1.161464413,0.11604447,-0.8386714959999999,-0.18131794399999998,-0.03409719,-2.476253694,0.08563849,-0.34803512799999997,-0.841999378,-4.3892291939999994,-0.872030161,-0.323891059,0.07057641099999999,,-1.869667754,-0.657234648,-0.056666779,-3.90616254,-1.047379643,-0.390838067,-1.7138169840000002,-2.161476557,0.144530628,-4.095718765,-0.53955495,-4.939791185,-0.366433236,0.7459983840000001,-0.27477399399999997,,-0.933258762,-0.3771465,-1.556568219,0.025460444,-0.83035766,-0.444667146,0.402394277,-1.599533939,-1.1802960359999999,-3.2371786830000002,-1.009285246,-5.38745274,0.267939623,-2.55278207,-1.3889182219999998,-3.648899713,-0.192686087,-0.885415246,-1.02004086,0.324660836,-0.8880947570000001,-0.07774318599999999,-0.266697939,0.08623766699999999,-0.17420888899999998,0.298405057,-0.256454591,-1.8309237680000001,-0.205325457,-0.044154455999999995,-0.006767529,0.250504298,-2.341253104,-2.9079504660000004,-0.477760866,-0.08216199,0.42992083600000003,-0.48130456,-0.348789334,-0.686220108,-0.149644949,-0.37614713,-1.0161074559999999,-0.174652401,-0.8662548609999999,-0.08443461599999999,-0.366456716,-0.13835181800000002,-1.0339295640000001,-0.3653781,-1.6296337230000002,-0.17931542399999997,-1.11549239,-0.163525775,-1.4496406130000001,0.23288998800000002,-0.150586119,-0.009195525,-0.0063427069999999995
R,,,-1.860047471,0.028996685,0.38419802299999994,0.5069677229999999,-0.907518742,-1.901089918,-0.34878504899999996,-4.1558486960000005,-3.4749062389999996,-3.449014163,-1.306038504,-2.88386013,-4.04286684,0.7900320059999999,0.464810141,-0.20737618100000002,-3.8809631369999997,-4.055980616,-4.057667232,-3.381502181,-2.69296249,0.11936820599999999,-4.518087916,-3.009724898,-0.033873917999999996,,-1.69544116,-0.409382442,0.005936364,-0.037668657,-3.0331007389999995,,-4.171434744,0.534620022,-0.10133600599999999,0.574597207,-0.405753396,-3.262990002,0.162813471,,-3.4248191269999997,-4.261026248,-0.032468041,0.062247714,0.13875098,-3.6149205330000003,0.253332143,-0.24815299899999999,0.30461169899999996,-3.42939882,-0.035445761,-3.5673238819999997,-3.837506817,-0.040268395,-4.64499257,-0.027811465,0.296577611,0.309070418,,0.290049574,-0.750862102,-0.19818499,0.27432697300000003,0.626311858,-0.21311549100000002,-2.546213654,0.43701815200000005,-0.438842691,,-0.58062307,0.315136563,0.481720783,-2.9094534139999997,0.000491205,-4.035328514,-0.298069448,-4.093586945,0.03027781,-0.061782737000000004,-4.048507344,-5.258634614,0.0032338109999999996,-2.774899473,0.398161411,-0.33812864,-3.3351243160000004,-0.144509206,0.308525667,-3.8673048260000003,-3.7863424739999996,-0.563184685,-2.609961897,-4.133210747,-0.42739159200000004,-0.65346559,-4.104342596,-3.545213145,-0.111731625,-0.06084211,0.024832725,-0.139965081,-0.381324093,-1.008616472,-2.720052013,-3.990944204,-4.938361426,-3.5953191010000003,-3.8344664219999998,-4.451413313,-0.250080581,-3.007652199,-2.233006121,-1.048912349,-3.4897851760000003,,-4.69623143,-3.7286253310000004,-4.226941133,-3.797569367,-2.416379585,-4.785818379,-3.133638698,-4.145677655,-3.81830649,-0.039744374,-1.141177111,,-0.302515392,0.082133129,-0.8557497540000001,-0.9095274040000001,0.495028779,-3.368574396,0.069409208,-0.283930248,-4.44269379,-3.915203711,0.684565194,-0.432898523,-3.59453251,-1.414582534,-0.328378241,0.101191281,,-2.652335195,,-1.2593339609999998,0.326407297,-0.082586075,-4.228052892,-3.771916538,-0.035830499,0.25588383,-0.076186399,-3.080425155,-3.848693442,,,-1.547618203,-3.6898961139999997,0.394924001,-4.066652835,-4.229600941,-0.517909073,-0.868490678,-3.1907342589999996,-0.35258944799999997,0.041066947,0.547625711,-0.006461601,-0.361981981,0.57807796,-1.932910779,,-0.06306353,-0.011298171000000001,0.163232862,0.122767924,-0.665474262,-4.638493073999999,-0.042207317,-0.202049124,-3.723295097,-0.5982926829999999,-3.700671742,-0.474205311,0.184071975,0.047624333,-1.154320458,-0.046942622999999996,0.87825215,-0.8031780909999999,-0.279688488,-0.074732992,-0.40655347299999994,0.31213088699999997,0.464036126,-0.6287730420000001,0.652760339,-3.680409079,0.126591434,-3.533519923,-0.060228552000000005,-1.285040569,-0.211706731,0.592805059,0.148843681,-0.38904702799999996,-1.487875246,-2.8328108089999997,0.20743609600000001,0.06919966400000001,0.298595073,0.46190856799999996,-0.502422307,0.024287233999999998,-0.609585835,,,0.051774252,0.319373654,0.202118629,1.262521633,-1.05115683,-0.267695977,-3.459545025,0.010033358000000001,-2.394136734,0.292381878,-0.11276392199999999,-0.466168215,-0.633302713,0.337111238,-3.439254317,-0.407264567,-1.380837316,-5.7548223389999995,-3.757392883,0.068069961,-4.551111441000001,-0.33897146,-3.777643061,0.22915939600000002,-0.24991993,0.627852079,0.5314338820000001,-0.212676363,0.297181218,-2.9735737810000002,-0.742967177,0.262541208,0.015008076,0.050424735,-0.208483013,-0.37128627200000003,-4.344105901,-0.519671614,-2.84221594,-1.1875205340000001,-3.165283352,-4.042091966,-3.839319668,-0.656195039,-0.684882401,-0.260377902,-0.228243755,0.348153996,0.467230762,-0.18980035399999998,0.239319712,-0.486088763,-0.012610922,-0.521580986,-1.5772499519999998,0.154454859,-0.159519435,0.021311063999999998,0.190595984,-4.820152586,-3.4051769419999998,-0.596828238,-0.244653602,0.123708397,-0.284818153,0.235881595,-0.40087951200000005,-0.624937748,-0.30267793600000004,,-0.355547736,-1.008197618,-1.031227933,-0.052023649000000005,-0.071130476,-1.11666963,-0.034510202999999996,-1.83477766,0.056632550999999996,-1.729443725,-0.62320708,-1.577254364,1.1783877520000001,0.105926286,-0.42816896,-0.263427271
S,-0.06328452,-2.581100784,-2.2570345080000003,-0.062976491,0.035173583,0.822151517,0.338392851,-2.214726193,-0.002449363,-4.19446796,-2.382540736,-2.6705022940000003,0.293727024,-0.778782855,-2.0822238840000002,0.43344861,0.188100376,-0.140582138,-3.483131746,-3.53867613,-0.643830094,-3.9766862689999996,0.43110241,-0.016914493,-1.515288503,-0.011137076000000001,0.507211658,0.193986468,-0.051297666,-0.199101561,0.97284434,-1.0852473120000001,-2.691582255,-2.312771356,-3.349749166,0.05134322400000001,0.200511524,0.37525920700000004,0.122783109,-2.037986329,0.113663827,0.055182213,-3.0844838639999996,-3.731223711,0.270450034,,-0.20064629,-1.956156992,0.14695233,0.219072047,0.19927030899999998,-0.163222249,0.023821065,-2.266975343,-4.213745547,0.359052972,-3.366739408,-0.7862984470000001,0.339000564,0.286506407,-0.242493183,0.55969486,-0.47834795799999996,0.24495765100000003,0.340186965,0.394596758,-0.781248098,-3.8709640960000002,0.534003395,0.621808559,0.381677306,-0.17304301100000002,-0.235485826,0.013039237,-1.8197465469999998,0.222493268,-0.08118476,0.303643497,-4.40837415,-0.8985009279999999,0.334694151,-0.756684083,-1.6976841180000002,0.319005641,-1.504032367,0.153273566,0.003597395,-2.7790937739999997,-0.602613214,0.54190778,-2.253535496,-1.059590092,-0.576881677,-0.7046056940000001,-3.691284356,0.493647866,-0.161492665,-3.796490328,-1.9788410109999999,,-0.251851818,0.802708358,-0.557798234,0.24090128800000002,0.14311289900000002,-1.951540869,-0.021596166,-1.6522992330000001,-3.596347479,-0.184498274,-4.895642908999999,-1.271522815,0.061337914,-3.526045935,-2.3898020769999997,0.013712298999999999,-3.390414346,-2.243995255,-3.502956373,-0.622910881,-1.9002803780000002,-1.082458538,0.20868697,-0.06418858200000001,-0.827677813,-0.11444209300000001,-2.323600948,0.077545142,0.387512852,-0.398158732,-0.050014565,-0.494364653,-0.442927388,0.38364712,-0.0021507889999999997,0.291858815,0.10644272099999999,0.108251444,-3.0784874230000003,-0.223896533,-0.727309578,-3.248873831,0.321726078,-0.258957985,0.42160355200000005,-3.6547768069999997,-0.651139289,-0.168646118,-1.136227876,0.19141717600000002,-0.067781324,-1.692089844,-3.1268705569999997,-0.21159019,-0.016833366000000002,0.113330474,,-2.991513893,0.001096743,-1.985802864,-0.808473799,-2.598324011,0.576948746,-3.353158751,-0.513711166,,-0.11130014699999999,-1.672693692,-0.21649738300000002,-0.07424937599999999,-0.252346064,0.11659182,0.022039826000000002,-0.153778515,-1.61478331,-0.021679776,-0.44006044200000005,0.575890081,-0.274267812,0.664565035,0.525812364,-2.315683977,-0.39951762700000004,0.776282947,-2.939695382,-2.010945824,-1.4992020119999998,-1.24421183,-0.40842551299999996,0.050341570999999995,-1.0278526,0.661958614,0.10797230099999999,,-0.319269965,0.492843064,0.358678266,-0.31125183100000003,0.798570295,0.662601044,-0.055690484000000005,-1.617436518,-0.189006294,-2.7225810089999998,-0.565269691,-0.216890995,0.116177184,-0.516538623,-0.344652674,-0.268233936,0.042207821,-0.607811451,,,-0.382340099,,0.088262033,0.3040897,0.013541051,0.170490008,0.34481834299999997,0.166333902,-0.076832953,0.623041869,0.227064175,-0.495584514,1.519855861,-2.399434227,-0.6497798579999999,-1.3289498640000001,-1.681686618,0.41677620299999996,-0.49803859899999997,-1.6697658919999998,0.343816506,-1.239808501,-0.493027761,-0.051140992,-0.38931552799999997,-1.755009756,-0.289094405,-3.1172534260000004,-0.376906949,-1.2809420740000002,1.016655246,-0.196048043,-0.5952828689999999,-0.13909849900000001,-0.20800464600000002,-0.431929341,-1.181379743,-0.827521618,-0.112882384,-1.367880992,0.499153385,-0.375193703,0.240106118,-3.4101946410000004,0.38387209999999994,-1.6525902019999998,-0.245294227,-1.6547047830000001,-1.068284933,-0.103537697,-0.39337764700000005,-0.152712991,-0.465313906,0.035041654,-0.261006592,0.023578787,-0.17116836800000002,-0.515628984,-0.332826885,-0.7006223979999999,0.179045747,-3.3542916480000002,0.501744438,-0.920297582,-0.620792345,-0.21892082899999998,-1.70356252,-2.215542012,-0.635439002,-0.073909235,-0.847337375,0.35294305,0.453006194,-0.36758166700000006,0.126375791,-0.422059664,0.009358952,-0.261842328,-0.103904016,,-0.215167164,-0.000310958,-0.526722116,-0.380645945,-0.594072841,-0.050991342,-0.5809703039999999,0.027670927,-0.854951076,0.21108194,0.027566694,-3.115347477,0.248849493
T,-0.348266687,-1.202348015,-0.281762937,0.08486601699999999,0.085542754,0.268366065,-0.619748347,-1.357206696,-0.307548012,-3.412143055,-2.6040763069999997,-2.182938102,,-2.80959475,-2.100851904,0.35334777700000003,-0.310307803,-0.31877814600000004,-1.936707107,-0.440723825,-0.683181253,-3.116353628,-0.8737517570000001,0.042181835,-4.467951847,-1.138449621,0.222112283,-0.331391265,-0.706223123,-0.06414324099999999,0.8100678109999999,-0.131059182,-1.6652664780000002,-3.4804808830000002,-3.413875105,-0.169903315,-1.37953835,0.087523823,-0.016927756999999998,0.218007824,0.612762092,0.201507066,-4.455586235,-3.7774033730000003,0.006345769,0.01936721,-0.012404684,-3.132736812,0.192687813,-0.0051742459999999995,-0.174586457,-0.08850941400000001,-0.016248722,-0.19588710199999998,-4.305591672,-0.12949161,-1.290483186,-0.227418731,-0.101993174,-0.466509205,-0.7038568209999999,0.603508726,-0.27307609,-0.264579212,,0.21613722300000002,-0.410144999,-2.411953638,0.246290061,0.259310232,0.19747591,0.240549927,0.056665047,0.036543186,-1.6202043609999999,-0.079873857,-0.088013979,0.286133932,-3.73786832,-3.669134171,0.115459235,-0.45005992899999997,-1.961471275,0.186230101,-0.55252982,0.411679134,0.10664830800000001,-3.1086213369999998,-0.27012123,-0.35965515,-2.181269114,-2.4509932780000003,-3.2981426989999996,-2.396906488,-0.67130623,-0.296690859,-0.186215402,-2.885821083,-1.183298792,-0.160738544,0.02035002,-0.0052358859999999995,-0.013709381000000001,0.074067491,-3.011173262,-0.705041884,-1.6996048240000001,-0.37245903700000005,-1.415608119,-2.14240281,-4.395186455,-1.206332717,-1.935588405,-3.640844656,-1.97828658,-3.4382949480000002,-3.913332159,,-4.381767729,0.225286727,-1.474679661,-0.8281951670000001,0.194139683,-0.04119564,-0.770138448,-1.31514863,-0.971323508,-0.7336942609999999,-0.014803323,0.133571121,-0.151799797,0.044706742,-0.703832303,-0.21557212,-0.411809486,-1.716457651,-0.011121925,-0.6775481459999999,-1.8100349340000002,0.10558768199999999,-0.223336481,-4.082393266,-1.282503891,0.367293838,-0.373736587,-4.18360565,,0.188252432,-0.394753005,-0.043836275,0.26376209100000003,-2.525927288,-0.162956244,,-0.26406284399999996,-0.281404736,-1.5566501519999998,-4.050982736,0.295132908,-1.0618891590000001,-0.44362492600000003,-0.8454207890000001,0.633040909,-4.005024588,0.398063713,-0.428633314,0.590282103,-0.294266044,-0.379381315,-0.109605152,0.266210495,-0.121418811,-0.490424951,-0.370029189,-1.36850363,-0.656458985,-1.085939301,-0.198432694,-0.07934005,-0.37218604899999996,0.503303284,-2.370732822,-0.245235068,0.003068784,-1.657758581,0.003842107,-0.370803675,0.10984378199999999,,-0.054115329000000004,-0.7124194770000001,1.0689473390000002,0.20734570800000002,-0.843991642,-0.157031395,-0.244307964,,0.283674358,-0.020183964,-0.136921855,-1.505558345,0.009855846,-0.190230791,0.09248259199999999,-1.957768983,0.378038835,0.624452942,-0.314242652,-0.175070993,-0.783209287,-0.17834087399999998,-0.600924157,-0.60117055,0.138974086,-0.306134886,0.261900117,0.052336824000000004,0.050858626,,-0.118060069,0.065541422,-0.062419517,0.15567102900000002,-0.20339059,-0.011093315,0.09851002,0.6658409679999999,-3.015639905,0.412137704,0.60750353,1.147409932,0.44982959200000006,-0.179581314,0.004026305,-0.279014451,-1.179825117,1.099040311,-0.80517627,-1.7106961230000002,-1.67750368,-0.065475659,-1.4699045430000002,-0.573849012,-0.856988193,-2.883994144,0.604336776,-0.730569584,0.665553992,-0.25417909899999996,-0.11545910000000001,-2.711133694,0.591285964,-1.22192063,0.64231629,0.7953954540000001,0.248974802,-1.555538937,-2.16993764,0.6479065970000001,-1.093199118,-1.002130881,-0.966631042,-3.352586456,,-0.947027862,-0.531555315,-0.12266483,0.42718145700000004,-0.47428234799999996,0.0056175819999999994,0.00405296,-0.452009206,-0.40419687299999996,-2.537618042,,-1.089034614,,-0.8393395090000001,-0.482141131,0.18024888100000003,-0.781019405,-1.711510782,0.42365481299999996,-0.36287360799999996,-0.244879674,-1.229300708,-0.26625310399999996,-0.036251063,-0.301088162,-0.298120357,-0.176839238,-0.129260402,-0.5368852129999999,0.055918729,-0.090152654,-0.233295038,-0.649906853,-0.24580749699999999,-0.587726095,0.18982875899999999,-0.624199907,-0.209503794,-1.051817693,,2.817850545,,0.292233175
V,0.6455232479999999,-2.6047670569999997,-0.649716024,0.462517027,-0.408190779,-0.924547947,-0.946511289,0.31951205899999996,-0.9315252690000001,-2.1909445730000003,-3.159554813,-1.5120017190000001,0.519261942,-2.404575218,0.628274632,-0.363414335,0.11021231,-1.6151523330000002,-0.68921433,-0.12932088,-0.988679311,-1.268664947,-1.484348767,0.508047079,-3.119743671,-1.74147277,0.084917555,-1.347779369,0.109198401,-0.08318468700000001,0.531196004,,0.339303174,-2.253789807,-4.479394178,-1.723935714,0.03487898,0.04210726099999999,0.11382798599999999,,,0.17387096300000002,-1.248702896,-0.568186606,-0.034604335,0.51719005,-1.015033643,-1.60030328,-0.134919241,-0.604068994,-0.052416591,-0.193264705,-0.021175971000000002,0.10612456,-1.790626516,-1.7519463380000002,0.156968253,-0.498353649,-0.145188504,-0.24206877899999998,-1.386443857,0.110105873,-0.308663636,-0.625169932,0.503266141,-0.023353325,-0.49697032799999996,-1.2872302279999999,0.012189078,-0.8922608190000001,0.618674166,,0.502850818,0.45838443100000004,-0.47657347899999997,-0.126839241,-0.30639740000000004,0.11360703400000001,-4.093252107,-4.128954276,-0.7067756759999999,0.070505875,-1.213931771,-0.106500895,-0.034554036,-0.409083288,-0.24317223699999999,-0.9800480979999999,-0.649543349,-2.960195653,-1.228130949,-2.700399006,0.441097223,-2.85186154,1.1605685140000002,-0.7204022409999999,-0.22739547899999998,-3.014874864,-0.223486317,-0.299405768,-0.081326619,0.029375433,0.48217301799999995,0.066655063,-3.1830392389999997,,0.471992374,-0.18817946800000002,-0.48716629,-4.118368568,-3.7993736119999997,-1.266332287,-1.740052172,-3.6861775339999996,-1.424114392,-4.18816073,-3.6264056989999998,-2.264354074,-4.003127305,,-1.608094929,-0.073569185,-0.199190957,-0.075829912,-0.176802895,-0.203863453,0.01659147,-2.370269912,-0.117344652,-1.6626126719999998,0.007894139,-0.973507335,0.442299774,0.240126722,-0.6059731829999999,-1.310452287,-0.251122364,-0.192065803,-0.530148115,-0.46898822,-1.6070214980000002,-2.8886295889999998,-3.356307888,-0.10657274900000001,,-4.551977055,-0.939128953,-0.18745373,-1.034261851,-0.573780592,-0.31298341399999996,-2.85626731,,-1.0047512570000001,-0.48464445,0.5269866329999999,-3.089505801,-4.414204246000001,-0.662938725,-2.380431088,-0.480931738,,-0.509048145,-3.529085353,-2.294115244,-1.500064092,0.131598934,-0.341120076,-1.238441647,0.245348449,-1.409774155,0.277542776,-0.028343615,-2.009553924,-0.224088242,-0.295373545,-0.111619675,,-0.235662873,-0.055421257,-0.306833621,-0.359917,0.118487145,0.180799825,-0.299625841,-0.203242111,-0.217106532,-0.5258679070000001,0.11704256699999999,0.449992047,-1.103077537,-2.8649828719999997,-0.455077966,-0.029478837999999997,0.08261895799999999,-0.005761099,0.180920684,-0.43143451299999996,1.021740903,-2.8764682410000004,0.82131015,-0.339001647,,,-0.39877500299999996,0.248617347,0.144250401,0.08558556199999999,,-0.613164577,0.27736654899999996,-0.011937415,-0.021379238999999998,-0.286506389,-0.590041519,0.174000131,0.167952137,0.18347442100000003,0.02023735,-1.9349759519999998,-0.182313704,-0.703239937,-0.551205034,-0.205769908,-0.9632229659999999,-0.286519111,0.593812475,-1.07234118,-0.7031648140000001,-0.101071768,0.6040185929999999,-0.374910154,-0.36326393100000004,-1.577993414,0.179034101,,-1.8510314730000001,-2.2303705519999997,-3.3293214360000003,-0.189695437,-1.091394516,,-0.690202148,-0.603762482,-0.383958819,-0.355978653,-0.017864665,-2.484397606,0.340179658,0.488843125,-0.339258447,0.054742375999999995,-0.17940534600000002,-0.48334406799999996,1.208304094,0.278942112,-0.181295504,-0.7507908879999999,-0.350683099,-0.432335211,-0.623466549,,-4.324128276000001,-0.487839486,-0.453259195,-1.6220245,-0.06395809400000001,0.566405786,0.484549337,0.007968134,-0.502330035,0.011726668,,-0.638173905,-0.28987255300000003,-0.40435227799999995,-0.25144711399999997,-0.42860365899999997,0.194077012,-0.10368263300000001,-0.06754019900000001,-1.1368734390000002,0.039386537,-1.626255025,-0.387630643,0.102745283,-0.129456585,2.133164177,0.038730073999999996,-0.755404173,0.012428566,-0.19021328399999998,-0.323481568,-0.093377925,0.110663013,-0.05456498,0.181499137,0.073322998,,-0.084147192,-0.28525737100000004,0.12396397,-0.572397914,0.512394672,-0.00500811,-0.04759653900000001,
W,-0.321869526,-5.156576659,0.45543516,-1.528169149,0.217511383,-1.368942175,-2.256208789,0.46638757200000003,-0.752828264,-2.812602645,-3.864208506,-4.5158502380000005,-2.1990569819999997,-3.206837575,-4.339311278,-0.323497755,-0.448006035,-1.178201707,-3.562260583,-4.045135335,-3.791584037,-3.512419786,-3.844753069,0.375657586,-3.588945129,-1.858502043,-0.004805628,0.6694113660000001,0.6215155410000001,0.058112985,-0.695685745,0.607022033,0.444278371,-1.553065144,-2.9772267130000003,-1.53679932,-1.345726259,0.244410796,-1.3720667519999998,-1.48375831,-0.428746553,-0.727987142,-1.290817589,-4.862559182,-0.303452651,0.23954069600000003,-1.793509798,-3.0886857489999997,0.06847603299999999,-0.067158821,-0.085652939,-0.22647985399999998,-0.038295231,-3.318199435,0.167460626,-4.015804886000001,-4.362777609,-3.416566075,0.098430426,-1.3879413280000001,-1.460278845,-0.62640611,-1.70492527,-2.393057277,-0.555074822,-0.5335166,-1.42322074,-1.580559126,0.149182906,-0.25613273,-0.841586521,-0.384129979,-1.58550804,-0.05424484,-0.41049680200000005,-0.531346444,-0.544158647,0.264206178,-3.5053257560000004,-3.411691373,-0.065057065,-3.9914020760000004,-4.355056503999999,-1.280550475,0.071883417,-0.6639582079999999,0.075449175,-1.718142259,-0.898387607,-3.1719021589999996,-1.3622137930000002,-3.84183336,-1.098498561,-3.9159003230000002,-3.9912543560000002,-0.9012737540000001,-0.437842822,,-3.6117128910000003,-0.163474485,-0.133165388,-1.087679362,-0.512080051,-1.413077491,-3.2838643239999996,-3.28446306,-4.185814066,-4.319785717,-4.335877667,-3.970404588,-2.0934673669999997,-1.0880398759999999,-2.9277611460000004,-3.2728182539999997,-2.7341584360000004,-2.832063771,-3.43883044,-3.8168625389999997,-3.869964448,-3.129941398,-3.779629753,-4.562784053000001,-3.541659555,-3.297809607,-0.845304005,-3.260353583,-4.165893172,-0.17238336399999998,0.454450344,-1.104719038,0.084056776,-0.836545394,-0.921421045,-0.126865392,-0.281968918,0.161400563,-0.659667178,-3.370888431,-2.589208144,0.686051988,-0.539693497,-1.443982649,-4.472426072,-0.165499068,-0.415943454,-3.073400955,-1.60875756,0.14791300400000001,-2.114752914,-1.292674371,-1.7830701530000002,-3.610251893,-3.3762581380000003,-1.102044123,0.156119239,-1.340840524,-4.918303626,-3.914113059,-0.639371509,-3.0986080310000004,-0.246034273,-4.684307266,0.12007075699999999,-2.980182115,-0.49429853100000004,-0.046499319000000004,-0.146606776,0.618623014,-0.5102221339999999,-0.105792353,0.12156689999999999,0.367806896,-0.667583905,-0.289878555,0.139404326,-0.319465577,-1.459105576,0.21021438399999998,0.18808058800000002,-1.647815386,0.562109098,-0.577198391,0.620441541,-0.252999963,0.60238641,-0.8655242059999999,0.308111804,0.167212095,0.304631835,-3.370938307,-1.464011076,0.081701999,-0.40144753200000005,-1.063921618,-0.288754935,-0.332171111,-0.017543976,-1.002649436,0.5652577289999999,0.605164966,-0.55226267,-0.31351706,0.24014510100000003,-3.594087131,-0.19597563899999998,-1.188358796,-1.02958185,-0.41407962200000004,-0.110725473,-0.34696791299999996,-3.1839577739999996,-0.035432015,-0.281981878,0.152591039,0.123175014,0.022258639,-0.382205247,-0.164870253,0.749450715,0.627369571,0.10633451099999999,-0.364954016,-0.05523765,-1.0891007940000001,-0.718695953,-0.447132425,-0.344409864,-0.584179895,-0.233124577,-0.44561597799999997,-1.477303083,0.28041800699999997,-2.579615527,-0.145851602,-0.010584083000000001,-2.8599435069999997,0.19900866899999997,-1.8856683630000002,-5.0546648780000005,-2.479729727,-0.58508074,-3.019880375,0.12409657199999999,-0.886005156,0.311436041,0.44248366899999997,0.278146114,-0.746108804,-2.209790827,0.5382608870000001,-0.25032239300000003,-0.550496007,-0.177789927,-0.869792495,-0.970635329,-0.44722980700000003,0.353394891,-0.428769341,-0.604472068,-1.383970514,,-0.207909691,-3.2672643939999997,-2.6765751730000003,0.05949431,-0.784652991,-0.312865385,0.365292183,0.36591635899999997,-0.447022484,-0.13275172699999999,-0.17782130399999999,-0.298577704,0.310747605,-0.776446585,-0.7530596759999999,0.108413026,-0.17457277,0.023720897,-0.07094610700000001,-2.312328548,-2.612767489,0.264460859,-0.43128043899999996,-0.064353642,-0.775186571,0.085906224,-0.434866649,-0.22275805399999998,-0.259686889,-0.257552055,-0.14303575300000002,-0.620499321,-0.274039462,-0.177654902,0.438027586,-0.58488157,-0.527465987,0.161837507,-0.232968576,-1.3681532330000001,-0.14498870000000003,-0.19708679199999998,-0.039134313999999996,-2.97320115,-0.38740825700000003,0.304639338
Y,0.268744789,-3.691712728,,-0.213253363,-0.211785952,-0.04201269,-1.6578673959999999,-0.22126799800000002,-0.8577997070000001,-3.430724988,-4.1404454589999995,-3.208954292,-2.8404581010000003,,-4.0857323039999995,,-0.23629154100000002,0.494024565,-3.7713977119999997,-3.519719308,-3.817644993,-3.813797227,-3.7634104,0.645046907,-4.336144288,-0.989302613,0.020273253,0.390103683,0.33440554699999997,-0.255589856,-1.063002919,0.602628419,,0.098057755,-3.594643722,-0.31129694,-0.851713761,0.268924638,-1.636820384,-2.118606694,0.195968439,-0.20770984,-0.40654097299999997,-0.117313705,0.270060001,0.12173220300000001,0.7477551929999999,-0.583021653,0.46514661700000004,-0.353362516,0.14178189,,-0.46850010799999997,-4.08876283,,-2.691605659,-3.941128622,-1.575818207,0.176305954,-0.35594081299999997,-0.9935571740000001,-0.08694861300000001,,-0.7895757729999999,-0.023695932000000003,0.559752248,-0.18739573899999998,-0.917025102,0.307407702,0.7479702159999999,-0.019869587,-1.069787172,-1.1152870259999998,0.048145941,,0.214114145,-0.27894618600000004,0.173455224,-5.223486239,-2.4600597619999998,0.19850561100000003,-3.78711588,-3.37168975,-0.07502895400000001,0.343266323,0.252295991,0.11772894099999999,-0.756221543,-0.835266008,0.093062923,-0.802537398,-2.064656929,-2.867031803,-5.12766096,-4.524472343,-0.33894154299999996,0.092913091,0.009531903000000001,-0.473544529,0.09100929599999999,-0.093112551,-0.607898788,-0.22265864300000002,-1.105442161,-0.337096275,-2.659015269,-3.988934332,-4.458522135,-4.631001481,-4.544401444,-2.04890389,-1.5138513969999998,-2.505276664,-3.421258303,-3.087197816,-3.020290717,-2.9635220419999997,-3.2049212000000002,-4.993461521,-2.536217931,-1.7214441969999998,-3.974322726,-2.444459068,-2.2173241569999997,,-2.997236118,-3.0981358610000003,0.19980953899999998,-0.153697515,-1.797564384,-0.239989996,-0.8606545879999999,-0.063261788,-0.397719539,0.005189916,-0.45166706799999995,-0.01088887,-3.7955805889999996,-2.283273008,-0.198140387,-0.198840867,,-2.88134932,-0.551748394,-1.0278769840000002,-3.865545345,-1.318591004,0.160683499,-2.051257464,0.07761233599999999,-0.290639484,-3.798693325,-3.581943742,-0.5334996470000001,-0.679862194,-1.194341184,-3.44033756,-3.9902458160000003,-0.692443487,-2.852302775,,-3.563728341,,,,-0.40490375100000003,,-0.37674258200000005,-0.289083541,0.002375455,-0.7417702620000001,-0.304509118,0.530079498,0.310992642,,-0.15878962900000002,-0.547964308,0.249194692,-0.048720648,0.489472886,0.439674014,-0.319994224,-0.050102608,0.36393109999999995,-2.013818134,-0.27308459,-0.848566942,-0.05743044,-0.000197646,-0.49350442,-0.38285284700000005,-0.507011179,0.610692817,0.805454163,-0.198748979,0.155611519,-0.064524891,0.17178221300000002,0.022167852000000002,-0.39785535,1.3697683059999999,-0.157826591,-3.2361409389999998,-3.006234642,-0.619513393,-0.296175362,-0.14354202800000002,-0.8013762440000001,-0.854489699,0.17626152399999997,-0.206124859,,0.328590593,-0.14618968400000001,-0.184180681,0.017478833,0.094574496,-0.0024391879999999997,-0.14796112,-0.343920199,-0.210769213,0.405612876,0.11404691199999999,0.188690715,0.012233047,-0.33696787200000006,,-0.751719158,-0.765883938,-0.34733400200000003,-1.8235184009999998,0.18087303899999999,-1.6291705419999998,-0.255611892,-0.931731097,-4.489859317,-0.45518641,-1.83373075,-3.565383974,-0.319065828,0.354671829,-1.3560718619999999,-0.137151343,-0.372981334,0.319085579,-0.39648449399999997,-0.9817896009999999,0.237427725,-0.156995146,0.6787415459999999,0.523281607,-0.175045373,0.733779376,-0.30933858,0.051377238,0.302658217,-0.43871407799999995,-0.781309238,-0.24406492,-0.808295025,-0.20156935,0.12366643199999999,-3.33050409,-4.301741989,-0.360067356,-0.033221043,0.05868896,-0.6097935520000001,-0.507912852,-0.519319411,,-0.085282756,0.064831444,0.068015042,-0.599272427,0.021706582000000002,-0.030058191,-0.582913702,-0.24885370899999998,-0.12196290800000001,-3.1815239369999997,-3.050018086,-0.027256712000000002,-0.0010377589999999999,-0.753157165,-0.24774865,-0.110985982,-0.172615567,0.10903025,-0.321577935,-0.239550879,,-0.328166737,-0.076994985,-0.21065100399999998,0.750758913,-0.381384338,-0.133705643,-0.9095691779999999,-0.113556715,-0.9580728140000001,,-0.40875018399999996,0.03665055,0.21855605,0.7227162220000001,-0.764259888