,P311,R312,R313,I314,V315,I316,H317,R318,G319,S320,T321,G322,L323,G324,F325,N326,I327,I328,G329,G330,E331,D332,G333,E334,G335,I336,F337,I338,S339,F340,I341,L342,A343,G344,G345,P346,A347,D348,L349,S350,G351,E352,L353,R354,K355,G356,D357,Q358,I359,L360,S361,V362,N363,G364,V365,D366,L367,R368,N369,A370,S371,H372,E373,Q374,A375,A376,I377,A378,L379,K380,N381,A382,G383,Q384,T385,V386,T387,I388,I389,A390,Q391,Y392,K393
A,0.0987396227,-0.0045252497,0.1093396326,0.17559378949999999,0.1439410391,0.1613917993,0.0890514177,-0.1346488245,0.0747089709,0.1072581557,0.1357227677,0.0877437935,-0.256762759,-0.2318802952,-0.0327961719,0.0498137962,-1.5384594156,-0.2633096607,-1.3615888069,-0.6906437881,-0.22195644809999998,-0.12458468519999999,-0.0140206079,0.1180208334,0.17852679030000002,-0.7987019745999999,-0.2247262689,0.0950790207,0.0528548453,0.0380498214,-0.6436654353,0.0439229208,0.052396210199999994,0.048485991900000004,0.0282151028,0.0932520561,0.0692664908,-0.0046259273,0.0203316193,0.0724072858,0.010454606,0.055540050099999995,0.10300481119999999,0.0412119751,0.0537113446,0.0724554245,-0.0307914277,0.0049934113,-0.1600395126,0.0126943607,-0.0640328359,0.0601416083,-0.0251817134,0.013229938600000001,0.0199830624,0.06852338990000001,-0.1166569306,-0.0905087176,-0.046731963700000004,0.0180593365,0.0217869923,-1.3441553637,-0.2312657768,0.0112115479,-0.0370757019,0.0381373656,0.0073590387,0.0044786235999999995,-0.2623068365,-0.1852325865,0.0623974548,0.013129216,0.030687519700000002,0.034789647400000005,-0.0149802783,0.026758660099999998,0.0589617227,-0.06416314570000001,0.10464593970000001,0.0084254908,-0.0272702354,-0.007130065,-0.0533757225
C,0.1656464603,-0.0096053934,0.1332205503,0.15374298,0.1665746098,0.13082775230000002,0.256417136,-0.1490677018,0.0317490847,0.1443864714,0.1433471589,0.0454691558,-0.056368336100000006,-0.1706419603,0.0608878337,0.0906715849,-1.4619429627,-0.1209110584,-1.2825558191,-0.45402390509999996,-0.17809562129999998,0.028035313399999998,0.139809466,0.1585760992,0.2129963253,-0.1898307641,-0.1646617626,0.146747088,-0.067434628,-0.0822651334,-0.0929100759,-0.0276817674,0.0265197303,0.11665224210000001,-0.1691816448,0.0523433851,-0.05529123440000001,-0.1194182906,0.028216123399999998,0.061007547300000006,0.056389879299999994,0.0248649118,0.12302180609999999,0.0589973522,0.062330192400000005,0.1301289643,0.0659382423,0.09060439769999999,0.0148637187,0.021972709700000002,-0.0206856896,0.1314180217,0.0772023483,-0.0605313992,0.0145463177,0.0426050184,-0.1895487277,-0.0905777842,-0.008762120600000001,0.0456168704,0.013028669599999999,-0.9770885875,-0.2131708493,-0.0019062153,-0.1503712758,-0.3089329506,-0.0632034575,0.0177852862,-0.011692583999999999,-0.0176896346,0.0254137484,0.0594459362,-0.06624492950000001,-0.0114265625,0.04392737730000001,-0.042308194,0.0724220875,0.060376514000000006,0.1240198965,0.024446932400000003,0.0405899892,-0.048874723499999995,-0.0101226624
D,0.22970598109999998,-0.016274971000000003,0.0303326479,0.0963386537,0.09636542890000001,-0.4945517635,0.1508567545,-0.310082419,-0.0641297381,0.1014860764,0.1621444799,-0.0864064615,-1.4845544497999998,-0.4586706075,-1.8808706799000001,-0.1235376694,-1.4542829802000001,-1.5845851261000001,-0.8521532403000001,-0.3176623505,0.0323992033,0.0552058807,0.0660964285,0.134468938,0.0484553721,-0.4559390139,-0.3316618081,-0.8951248175,-0.2663908323,-0.1373089464,-1.4657875283000001,-0.21607447859999998,0.0692961175,0.0331272775,-0.2238011816,-0.4524099464,-1.0490095256,-0.12921632560000001,0.0557110383,0.014126801000000001,-0.066221781,0.0448078438,-1.2519479268,0.0929524941,-0.0247911277,-0.3322076434,-0.12921632560000001,-0.4376621909,-1.4515405397999999,-0.18693597210000001,-0.0869027785,-1.1975856507,-0.0349148901,0.0134412445,-0.0410236167,-0.12921632560000001,-0.7326594737000001,-0.0939184553,-0.0704273568,-0.15002959529999998,-0.035138863799999996,-1.145850646,-0.0093145109,-0.058411339699999995,-0.4833056564,-1.1149626384,0.0008224746000000001,-0.0589504988,-1.2905345968000002,-0.347264089,-0.0346517177,-0.0613806102,-0.0381860036,-0.1052771799,0.017304283400000002,-0.3183595238,-0.1441697747,-1.4135337489,-0.0806548881,-0.3286677435,0.040851947,-0.0481357187,-0.0140456633
E,0.11663620279999999,0.0124913545,0.0996355903,0.0686489952,0.07282062610000001,-0.1321764992,0.0501203032,-0.3138198768,0.0989138153,0.1647241511,0.09697157279999999,-0.0144320215,-1.5134180418,-0.44910664899999997,-1.4888224246000001,-0.8844832397,-1.3877655921,-0.7915662574,-1.4579825015,-0.191336618,-0.12921632560000001,-0.0330628371,0.1135923266,0.0468614886,0.128810071,-0.3586229743,-0.5208988235,-1.5413210030000002,-0.2942041851,-0.2117285405,-1.3466721255,-0.2725601063,0.08489662099999999,-0.0226592284,-0.2188063566,-0.1150143856,-1.0828204159,-0.0349852201,0.046977749400000005,0.07730629160000001,0.018136849,-0.12921632560000001,-1.3132223102,0.0945300213,0.043565274400000006,-0.1062581467,-0.0817627656,0.05877319860000001,-1.2979237961,0.0362635484,-0.0398951993,-0.4381849215,0.1313293928,0.0774447667,0.0337527194,-0.0080869786,-0.6278080369,-0.0566286692,-0.08540855289999999,0.0418422736,0.022930136299999997,-1.3371426035,-0.048901281799999995,0.0678951221,-0.8959783170000001,-0.45619415609999997,0.0479271893,0.0402745038,-1.5057006834,-0.3233785702,-0.1314021535,-0.0062048086,-0.011523651000000001,-0.0692961855,-0.08707774119999999,-0.4832583252,-0.04227213639999999,-1.3756016262000001,-0.1152433178,-0.38044585630000005,0.0481008099,0.0405591062,0.0250709648
F,0.2688950876,-0.2367822234,0.0076500675,0.2325577441,0.2437210104,0.11760436869999999,0.1585451576,-0.2509202225,0.105543457,0.0206407446,0.020651926299999998,-0.21359201530000002,-0.0144462338,-1.2532004559,-0.12921632560000001,-0.0972690848,-0.2491553908,-0.2739393616,-1.2315474964,-0.9571368378,0.0025929276000000003,0.06716120240000001,0.0926578091,0.2983510853,0.0417150953,-0.7434422479999999,-0.12921632560000001,-0.3958580239,-0.1344773424,-0.12921632560000001,-0.0066498978,0.08134838230000001,0.0051994466,0.0792520523,-0.0709665132,-0.2328499908,-1.4208397709,-0.1015790622,0.0102282472,-0.07699776679999999,-0.08057670019999999,-0.0022033469,0.1013932738,0.0099764035,0.06828345820000001,0.0347706883,-0.033759677200000004,0.043690367199999997,-0.43174228159999994,0.0114742098,0.1433639362,-0.3117699048,-0.2801842994,0.0796037533,0.1516918208,0.005066462,-0.0621261626,-0.0739757725,0.030517192999999998,-0.0009639731,0.0358165448,-0.9380410288,-0.4054402323,0.0527684338,-1.1223328579,-0.2633855965,-0.0830374084,-0.0236786407,-0.0450555391,0.0060523463,0.0228144606,-0.1651271515,-0.0046328687,0.1489426916,-0.0752286539,-0.6189422056,0.1245352927,0.1505966708,0.05661573,-0.0354481247,0.1398783814,0.06937735219999999,-0.0130080953
G,0.2896599379,-0.027162958900000003,0.1579708193,0.1492312552,0.1574840716,0.0163691589,0.1573266556,-0.09765455890000001,0.1128567173,0.1272797313,0.1426629759,0.1424033337,-1.0526247721,0.1160265279,-0.20838070399999997,-0.11726506210000001,-1.4787853272,-0.6004169531,0.0656480619,0.094726916,-0.144100954,-0.0373387695,0.0828627436,0.068668194,0.1340744199,-0.9864454485999999,-0.1324054896,-0.09831633810000001,-0.11409451109999999,0.051314980499999996,-1.2378543242,-0.0960107568,0.08309473349999999,0.1124776993,0.0653220355,0.0015207988000000001,-0.1444310164,0.0203235844,-0.0666190929,0.0772374377,0.0458065303,0.0308311999,-0.17512456140000002,0.0797272594,0.0440301186,0.0703019599,-0.3111668569,-0.0020367548000000003,-0.6930670904,-0.2550043372,-0.0012370982000000001,-0.2670254594,0.044029545999999996,0.060218280199999995,0.0672768151,0.0704717441,-0.4849929074,-0.0230972321,-0.0375606089,-0.0572760359,-0.019406255600000002,-1.3836693258000001,-0.2029817624,0.0080158913,-0.1644903032,-0.1841814895,0.022385866400000003,0.0318843092,-0.7241822398000001,-0.0701055388,0.034175941200000004,0.0271984721,0.0319864281,0.0031872206,0.019406609499999998,-0.0246912483,0.1302325025,-0.17059248870000002,0.0644648173,0.0094383225,-0.0525056051,-0.131803806,-0.0163536379
H,0.3150714823,0.16932323219999998,0.0779186441,0.1456755595,0.1336763883,-0.4540518061,0.1496274416,-0.1309815802,0.0214375579,0.0633966342,0.1433836355,-0.0182610903,-0.9596695337000001,-0.8020918029,-0.4919834021,-0.1461880559,-1.6521274525,-0.3760177555,-1.314408907,-0.8277174289,-0.0854740382,0.062932889,0.12391179199999999,0.125301477,0.17824851649999998,-0.2831079526,0.0598444798,-1.6926154443,-0.0329912143,0.036922653,-0.9396407698999999,0.042482795700000006,0.053740548099999993,0.0297935061,-0.0768778903,-0.0433470725,-1.0979264223,0.0102805538,0.0205899235,0.0973907369,-0.0052936624,0.0497541585,-0.30127502829999997,0.047201537300000006,0.0177408682,-0.0327017631,0.0572406686,0.0724422808,-1.5386862636,0.041815757599999996,0.1200957663,-0.12921632560000001,0.0440834675,0.1236158272,0.0571457167,0.0829548213,-0.0935059576,-0.047501466500000006,0.0056980231000000004,-0.0504252201,0.007716548100000001,-0.12921632560000001,-0.23164033239999998,0.0036285707,-0.558721259,-0.3523439114,0.0672981757,0.0534635383,-0.2413434696,-0.024864937599999998,-0.022079651699999998,-0.0639329804,0.0414185248,-0.0360290213,0.0604011282,-0.0473630506,0.079895208,-0.340287438,0.0767722222,-0.11091072119999999,0.0914628154,0.0670131342,-0.0206598325
I,0.2289471304,-0.1738457947,-0.05698893730000001,-0.12921632560000001,0.0903396016,-0.12921632560000001,0.1913136468,-0.1646300346,-0.0470821161,0.11588848289999999,0.1297499855,-0.027140085699999997,-0.331193409,-0.12921632560000001,-0.1421867635,0.046841327599999996,0.0034566158,0.0997040759,-0.12921632560000001,-1.2923896522,0.02546714,-0.047568269100000005,0.09937954859999999,0.1823940489,0.0049805137,-0.12921632560000001,-0.1013002562,-0.12921632560000001,-0.0388870919,-0.22786247969999998,-0.12921632560000001,0.0714911309,-0.026923241299999998,-0.3370796279,-0.8491627362,-0.09487609529999999,-0.5249903904,-0.5125816758,0.08917873359999999,-0.0158910998,-0.4031347531,-0.1489756861,-0.0306263095,0.0872857092,0.05372283519999999,-0.4348002921,-0.14437773269999998,0.0089969568,-0.12921632560000001,0.0739169738,0.1307342243,-0.155732785,-0.1978249907,-0.0648857149,0.12043482609999999,-0.0273656651,-0.0784748537,-0.0251160917,0.0743404544,0.028694058999999997,-0.0008467938,-0.9996476715000001,-0.2821355171,-0.1668400231,-0.3060949366,-0.2162414859,-0.0411775113,0.0581655198,-0.0609961653,-0.0048026241,-0.1271429017,-0.09216509449999999,-0.015155826599999998,0.09527741960000001,0.1101508445,-0.1622018389,-0.0141635751,-0.12921632560000001,-0.12921632560000001,-0.0911471378,0.1555824949,-0.1555704677,-0.1129958125
K,0.22821480870000002,0.0830518171,0.1203429095,-0.08443057080000001,0.1025804843,-0.4762644399,0.2888042503,0.1225306748,0.06313422169999999,0.0931172228,0.0766046251,0.0059775751,-1.5199643472,-0.5824588945,-0.7510803446,0.0470345078,-0.12921632560000001,-0.1514711876,-1.6676116752,-1.099815487,-0.5299787503,-0.0058738949,0.1336004164,0.0816952002,0.14113785210000002,-0.38215553280000003,-0.1179867973,-0.12921632560000001,-0.1450408014,-0.0711175741,-0.303320539,0.16575986339999998,-0.0006792533999999999,0.0503469267,-0.1076799859,0.0006995874,-0.8844889011,-0.2800971831,0.0365290417,-0.0034306546,0.0462776818,0.1450614757,-0.6936466803,0.074513621,-0.12921632560000001,-0.022645132999999998,-0.3858897191,-0.038342057,-1.6037077119,0.11493652119999999,0.052842751900000005,-0.480476929,-0.0931249197,-0.025359874700000003,0.0149361048,-0.0058134308999999995,-0.4529147486,0.0688616437,0.028830214700000002,0.070347961,0.0222866908,-1.2933124026,-0.37028888600000004,-0.058030756100000004,-1.3710754484999998,-0.5497076222999999,-0.1393877247,0.1028929218,-1.0861373852,-0.12921632560000001,0.0639717561,-0.032791401,0.0291173907,0.0266475236,0.0590991586,-0.3144845286,0.10652873619999999,-0.5839912207,0.2399094983,-0.0189359795,-0.07095110660000001,-0.045391126399999995,-0.007696641
L,0.22525566760000001,-0.210123947,0.0453608245,0.0990980182,0.1377348784,0.22533641420000003,0.2365407289,-0.2656914338,0.022149514500000002,0.0949696899,0.10513730269999999,-0.1090350385,0.08976019880000001,-1.1477040298,-0.1221753459,-0.1436034069,-0.4507824573,-0.1016796228,-1.7068145022,-1.1069923758,-0.1430730056,0.04832484099999999,0.026823867400000003,0.1418040018,0.09467848,-0.150273406,0.0138626458,0.11469942849999999,-0.23144684210000002,-0.0052591240000000004,0.051301886799999995,0.0502534418,0.0610909886,0.1062949242,-0.0872327296,-0.1448667984,-0.7906855540000001,-0.3839804193,0.059136011100000004,0.0157493218,-0.052055777000000004,0.0886488601,0.047569251900000005,0.0736718313,0.008745559699999999,-0.3972038318,-0.2349410526,0.0572236514,-0.010642948400000001,0.0521077338,0.1407967397,-0.22467778219999998,-0.0802408169,0.05447252,0.110725597,-0.0084108408,-0.0182380545,-0.0507093193,-0.0145453833,0.018448071200000003,0.0618616779,-1.0523353052,-0.2233380864,0.0376351133,-0.9554921744,-0.7119436306999999,0.0143650357,0.057415705899999996,-0.0485674085,-0.006459534300000001,-0.046962534199999996,-0.1276779301,-0.0183787626,0.0567845524,0.046576726299999996,-0.24896225219999998,0.0823957635,0.015431133799999998,0.12720090480000001,0.0062324639000000005,0.057589635800000004,0.0056001751,-0.0038422172
M,0.20375441100000002,0.0169906423,-0.018934512,0.1569649562,0.0416649319,0.1702922285,0.2860213076,-0.0790150326,0.0842673736,0.1470135032,0.143064238,-0.1672221198,0.1067938993,-0.5582884076,0.1106709017,0.1410633962,-0.425067938,0.09222239480000001,-1.1970157019,-1.1689425299,-0.06546934559999999,-0.054260822199999996,0.1219148446,0.14604447,0.07604638849999999,-0.1362899256,0.0834189575,0.0204452779,-0.1032530929,-0.030967411099999998,0.015303913300000001,0.0938886166,0.01688822,-0.0543387092,-0.029543961400000002,0.0030972384999999997,-0.9299951267000001,-0.11469290369999999,0.0018524195,0.0397380239,-0.0035162676,0.123838326,0.0226522675,0.0432690596,0.0411014597,0.10875838310000001,0.1065640476,0.0264344113,-0.1734485185,0.0545763807,-0.0208656187,-0.0882494878,0.0637462462,0.1251147328,0.0883074981,-0.0367831232,-0.1318647813,-0.1357275523,-0.0103407037,-0.0437933862,0.0871456684,-1.5951636641999998,-0.24564006149999998,-0.0020172815,-0.1083220798,-0.9201368188,-0.0204185456,0.009887650100000001,-0.143980156,0.021730787,-0.045242608600000005,-0.0376571095,-0.041826862400000005,0.0021134232,0.018712145,-0.3442029708,0.0332095647,-0.04662523389999999,0.0148112966,-0.0419780545,0.1108099621,-0.0984013833,-0.043541427699999996
N,0.26433589739999996,0.17037582989999997,0.0398483721,0.1794581236,0.1536906141,0.014514476799999999,0.1028770172,-0.2756440389,0.1153328332,0.0856771735,0.1964217404,0.0454473262,-0.3924655318,-0.29211909,-0.7534420562,-0.12921632560000001,-1.4323365229,-1.0911276171,-1.0481122396,-0.6368309148,-0.0599086303,0.053168079699999996,0.1128103157,0.0627639279,0.1120826906,-0.264461244,-0.2200839521,-0.0692403405,-0.3176732732,-0.12530079130000002,-0.6352676182,-0.1363808462,-0.0215111611,-0.0238988429,-0.3268028857,0.0623228766,-0.7585749673000001,-0.1338794324,0.0688542815,0.08123560219999999,0.0326992927,0.12151930179999999,-0.36818618200000003,0.0838412797,0.060723049400000007,-0.123716503,-0.1527273203,0.071661568,-1.3635553339,0.062041524,0.0495800533,-0.4211575839,0.0323927637,0.0524519034,0.0092789082,0.0615430317,-0.3885178671,-0.0717231988,-0.044241127000000005,-0.0613737568,-0.051918432699999996,-0.8716045074,-0.1147806066,-0.0102377471,-0.6798415952,-0.7971537188,-0.0610434103,0.0891212629,-0.6484009472,-0.0263974373,0.0002918571,-0.014335173,-0.0675553746,-0.0526403875,0.0323897993,-0.0072648451,0.014631856799999999,-0.46046757509999997,0.1060301475,-0.021228253500000002,0.1466598919,0.1403424711,0.0098001359
P,0.0690781477,-0.19522830670000002,0.074669587,-0.1860081507,0.1235162263,-0.34174598990000005,0.0494901542,-0.0502001537,0.0404625105,0.1064686142,0.1088165802,0.08451844160000001,-1.2277792255,-1.5590800026,-1.6062636864,-1.2039335888,-1.5801169407,-1.5234239697999998,-1.4917249452,-0.1513640375,-1.2269234468999999,-0.6038660374,-0.1523666733,0.1027526937,0.284263854,-0.11860218230000001,-1.309955636,-0.6780750966,-0.1923500971,-1.5107481206,-1.0869148674,-0.0286063563,0.0929219798,-0.48126358119999996,-0.9195692892,0.0645846525,-0.9533604834999999,-0.8509797588,-0.6127476884,-0.1035693765,-0.2682254827,-0.2306448222,0.0461107037,-1.0767112505,0.0595744229,-0.6234447462,-1.4128236791,-1.1132310773,-0.2909682328,-0.5253915422,-1.3788834131,-1.2183208181999998,-0.2890297384,-0.337588613,-0.36362764399999997,0.052168540199999995,-0.6571316128,-0.2096899301,-0.0561259979,-0.0698631324,0.0663669996,-1.2961599990000001,-0.4775335795,-0.0014648626000000001,-1.1876566883,-0.5238829784000001,-0.2252444848,-0.30324116100000004,-1.1480893527,-0.3003530895,-0.195641785,-0.07421358360000001,-0.0196299765,0.0487813838,0.0517620667,0.0173486253,-0.0407616275,-0.7791958122,-0.7738331620000001,-0.1674860956,-0.6917729514000001,-0.154330346,-0.5641006577000001
Q,0.2883772229,0.1387237469,0.0892218442,-0.0351889288,0.16952752489999998,0.1759149646,0.1170767464,-0.1379343058,0.0756654151,0.0525283446,0.2002379956,0.022250642999999997,-0.9693538803,-0.4429940447,-0.9465599721,-0.15070659279999998,-1.5169946309,-0.0837016967,-1.3632725775,-0.6733478696999999,-0.035652235899999996,-0.0637437616,0.19395357300000002,0.1010454858,0.06858691759999999,-0.0421682887,-0.2926646719,-0.7869004031,-0.1507807465,0.0096462647,-0.3288144877,-0.0781908626,-0.0047958626,0.0675350834,-0.0075533096,0.010738723300000001,-0.7188417451000001,0.0093210484,-0.0015478917,0.0515005993,0.0311344265,0.1293928339,-0.30364510510000003,0.0983107272,0.022930593399999998,-0.0103760882,0.11998546119999999,-0.12921632560000001,-1.2978185935,0.0358662234,0.052534041100000005,-0.2574721272,0.1094236052,0.043828880099999995,0.0326373833,0.0571462684,-0.0880785833,-0.048122443,-0.029083190499999998,-0.019066084,0.064758792,-0.5508490291,-0.1011728508,-0.12921632560000001,-0.5455205046,-1.1460515205,-0.027608127799999996,-0.0611220297,-1.3061352189,-0.070480906,0.0044624671,0.1046088476,0.0277431504,-0.12921632560000001,0.025668757799999997,-0.06392239940000001,-0.0106966328,-0.2738616028,0.1135875149,-0.2970103268,-0.12921632560000001,0.1048363678,0.0366148481
R,0.24514301600000002,0.1512366386,0.16971645440000002,0.0369263912,0.2346047684,-0.4036063729,0.2348499986,0.1285575574,0.053142631600000004,0.113480027,0.1010916498,-0.050414941,-1.2470985556999998,-0.9258551348,-1.5792412991999998,0.016087425500000002,-1.4906277097999998,-0.1080940252,-1.4169755408000002,-0.9623752298999999,-0.4572966682,-0.0095600902,0.1620048673,0.112004707,0.17922328510000002,-0.8814990204,-0.1266330269,-1.313254577,-0.15055110900000002,-0.0820204053,-0.5056449871,0.024382892799999997,-0.23684781440000002,0.2107423843,-0.1853953543,-0.0096712831,-0.9218708562000001,-0.41262109140000003,-0.0208428791,0.0009308282,0.0079273775,0.1669770923,-1.2240113687,0.0843959799,0.021078439700000003,-0.0199227876,-1.1156398004,0.0728620912,-1.4872103197,0.12973688349999998,0.1436529618,-0.5629600521,-0.0647257372,0.0771864916,0.0937849196,0.1554879742,-0.4616011156,0.0797905924,0.044599951299999996,-0.0014656498000000001,0.059062815,-1.0808675612,-0.3803844589,-0.0075956705,-1.5430200481,-0.5271765388,0.007173114,0.0213261636,-1.4074150133,0.0057527537,-0.0632430341,-0.0718483127,-0.0427890154,0.015471808600000001,0.1625127473,-0.43179594670000004,0.11451045160000001,-1.4401781291,0.2012869705,-0.0109491092,0.036458971800000003,-0.1118320801,0.0040504862
S,0.1068894538,0.0432901376,0.0562595254,0.1301145385,0.17390915920000002,0.10934745929999999,0.1092726268,-0.11792857279999999,0.10345531460000001,0.1619541109,0.1261858259,0.10343112759999999,-0.2520926624,-0.5273375859,-0.34254131950000005,0.0701891219,-1.5202366530000002,-0.3180723404,-0.1131409481,-0.5930727595,-0.1317790916,-0.058730934699999994,0.1249457142,0.150255456,0.131513376,-0.49029419259999996,-0.1075879856,0.18613949859999998,0.0604693309,0.0116264405,-0.7376162062,-0.0093181231,0.0519125313,0.0182740143,-0.0238475648,0.0828252647,-0.0377895492,0.0417319998,-0.0041761111,0.0183309405,0.0801745284,0.0591777683,-0.050413871799999996,0.07598117230000001,0.0414365331,0.0362298753,-0.08467165300000001,0.0326806324,-0.5803609134000001,-0.025861092599999996,0.060332427,0.036857489,0.027016039900000004,0.006791965600000001,0.061864555300000006,0.146996835,-0.21067249649999997,-0.0733918216,0.0251654398,-0.0125788874,0.0035826406,-1.1586204136,-0.22385425120000002,-0.007886763199999999,-0.035199769,-0.4472795781,0.0366735896,0.0157458527,-0.5165196006,-0.1042031706,0.042072559800000006,0.052799594500000005,0.0102727439,-0.0269667665,0.0053452783999999995,0.0526367381,0.06994142589999999,-0.3032127075,0.1104721526,0.040001689900000005,0.027261054399999998,-0.0034558659,0.034271169
T,0.2189038261,0.0287583913,0.1083205631,0.1639654996,0.1328805562,0.1209077714,0.046260056699999996,-0.0866567357,0.0357860977,0.1452114108,0.1320671725,0.0771457192,-0.5613077581,-1.3181625649,-0.19904315350000001,0.1113116913,-1.5162864046000002,-0.192849028,-0.4825317256,-0.5521395902,-0.0645293129,0.0333962799,0.0817876516,0.1597758419,0.0370305358,-0.1026234938,-0.23909232219999998,0.1723588259,-0.1065223151,-0.09429755699999999,-0.2489136008,-0.070774201,0.051020038499999996,-0.1268726408,-0.0676840082,-0.1001920899,0.0201867188,-0.4402137602,0.016681951599999998,0.0871098639,0.056846195599999996,0.044801089599999996,0.006233001700000001,0.0502571787,0.0612282995,-0.0691163692,0.0233830575,0.061279441799999994,-0.366268198,0.017146889499999998,0.0359242182,0.039881993399999996,-0.0212759933,-0.0011678289,0.07320552150000001,0.0844505739,-0.1107064891,-0.0674816223,0.0179010754,-0.0266570942,-0.0169187158,-1.0863459579,-0.2045175336,-0.0433843747,-0.19769601920000002,-0.5011207286,0.0301531323,0.060783839699999995,-0.2561682599,0.0078743643,-0.0050240466,0.0450549152,-0.010492864499999999,0.012210767800000001,0.0119595372,0.0101751359,0.0046343875,-0.1641683929,0.10510499390000001,0.0551207139,0.0216234964,-0.028277848900000003,0.0027644861
V,0.1181167199,0.0256135818,0.1157680984,0.1541913516,0.17582277829999998,0.0685565714,0.12578483599999998,-0.1697282219,0.022008562599999996,0.132700837,0.1190084965,-0.0190314216,-0.5542187118999999,-1.3655745550999998,-0.1366573555,0.13297637199999998,-0.3112983246,0.07556237240000001,-1.5149802363999998,-1.1805153473,-0.0788899041,-0.1029023166,0.1047423331,0.2048317057,0.1637010111,0.0427173905,-0.21220371579999997,0.19596084870000002,-0.1209714333,-0.0784205511,-0.014084604399999999,0.0016696410000000001,0.047056119900000005,-0.27377536690000004,-0.7163653368999999,-0.0321537179,-0.13957553820000002,-0.5238225264999999,0.017145185900000002,0.0665272259,-0.1862169709,-0.0195082804,0.0165634052,0.0410152907,0.08730825029999999,-0.35345082240000003,-0.0324183227,0.019477110500000002,-0.0315328908,0.0572806071,0.08783898529999999,0.004560857299999999,-0.0504076037,-0.0087080658,0.0620852772,0.0604544826,-0.1413899366,-0.0763539096,-0.0053017901,-0.0292159184,0.0487006413,-0.7626284931,-0.2184043406,-0.0146324369,-0.27061535789999996,0.0496972952,0.027693107,-0.0064727637,-0.16326431560000002,0.012563671299999999,-0.0732939905,-0.08792467279999999,0.034765118500000004,-0.00034316980000000005,0.1010084459,-0.0533905712,0.053313603700000003,-0.0174266972,0.0507825726,-0.0491553005,-0.029725592999999998,-0.16512065039999999,-0.07000551940000001
W,0.3145526097,-0.2857683825,0.0829275495,-0.4341799027,0.13509400289999998,-0.840687293,0.2611803861,-0.29545772600000003,0.0812487937,0.0730717114,0.0569842001,-0.13039423949999998,0.0459799114,-1.2810297828,-0.3171796441,0.0726802057,-1.4061944122,-0.5966100994,-0.9668797384000001,-0.7602436972,-0.025440606400000003,0.15687314300000002,0.0291914173,0.21202686760000003,0.030442864500000003,-1.5152739891999998,0.0235471039,-1.7429037753999999,-0.462065984,0.026546051299999998,-0.9073187645999999,-0.2222502515,0.018478589099999998,0.0313526044,-0.2323118016,-0.48524897340000006,-1.1962036459999998,0.0296517006,0.0017686117999999999,-0.1331168098,-0.2259070434,-0.0336156626,-0.3364973692,-0.1000303085,-0.0287613022,0.0559528486,-0.3753093149,0.0577776587,-0.12921632560000001,0.0614042569,0.0962934701,-0.8837359168000001,-0.0618862186,0.1514090422,0.0523957427,0.035482801,-0.5517062296,-0.0021875064000000002,-0.1202579113,-0.0760410679,-0.0189103228,-1.6892272807,-0.2323519915,-0.0073044212,-1.1033758558,-0.436185934,-0.18356125980000002,0.0086505271,-0.9704717741,-0.04345454,-0.08164878190000001,-0.21007896469999998,0.093248165,0.08107197990000001,0.0357670135,-0.5946019517,0.0568140064,-0.646804167,0.0358532377,-0.39208140490000004,0.1794004124,0.0268467742,-0.0208863293
Y,0.3342429268,0.0058633938,0.0786277548,0.1692043464,0.1731407254,-0.4034859896,0.1588632848,-0.17725847449999999,0.026040925,0.0472957388,0.1228636892,-0.1481832494,0.0020838597,-1.2058771286,-0.0596374853,-0.0026602961,-0.4798627728,-0.46277781520000005,-1.5000492945,-1.0553409431999998,-0.029747784,0.0833106321,0.0238198429,0.19514931289999998,0.0475572233,-0.12921632560000001,0.1503274198,-0.12921632560000001,-0.1565826135,0.0321468236,-0.6716055120000001,-0.0710741069,0.113431528,0.0576976325,-0.1398976062,-0.2357203454,-1.0966928238,-0.35869881929999997,0.0227037066,-0.0879327364,-0.15648551789999998,0.029839091600000003,-0.3098726807,-0.0140343146,-0.1257295875,0.049795323499999995,-0.049726577699999996,0.0332600193,-1.3060481187000001,0.0693558137,0.1732697918,-0.0610664763,-0.0553285299,0.1960997791,0.1469414922,0.2006219143,-0.052021032800000006,-0.0834781841,-0.1108876695,-0.05781037,0.0204559343,-0.9501309445999999,-0.2930829948,-0.0593874837,-0.12921632560000001,-0.0751945386,0.12159795890000001,-0.0269276896,-0.5371666995000001,-0.0610216329,-0.1373715616,-0.068689199,-0.029733690299999997,0.0644584613,-0.0720095293,-0.22900048050000002,0.0334844079,-0.7196199939,0.0820087423,-0.11188159800000001,0.1058872632,-0.0676505188,0.0412581709
