accession,hgvs_nt,hgvs_splice,hgvs_pro,score,se
urn:mavedb:00000060-a-1#1,NA,NA,p.Gly1Phe,-0.583917761,0.287959671
urn:mavedb:00000060-a-1#2,NA,NA,p.Gly1Trp,0.05188086,0.224853965
urn:mavedb:00000060-a-1#3,NA,NA,p.Gly1Cys,0.030965144,0.02191526
urn:mavedb:00000060-a-1#4,NA,NA,p.Gly1*,0.711509288,0.163860348
urn:mavedb:00000060-a-1#5,NA,NA,p.Gly1Tyr,-0.161379492,0.222578236
urn:mavedb:00000060-a-1#6,NA,NA,p.Gly1Val,-0.024809298,0.020284892
urn:mavedb:00000060-a-1#7,NA,NA,p.Asn2Phe,0.132701032,0.147674703
urn:mavedb:00000060-a-1#8,NA,NA,p.Asn2Cys,-0.150976535,0.215293698
urn:mavedb:00000060-a-1#9,NA,NA,p.Asn2Trp,-1.067809601,1.344696248
urn:mavedb:00000060-a-1#10,NA,NA,p.Asn2Tyr,0.026542175,0.019083856
urn:mavedb:00000060-a-1#11,NA,NA,p.Asn2*,0.504441134,0.118858562
urn:mavedb:00000060-a-1#12,NA,NA,p.Asn2Val,-0.04324291,0.304094764
urn:mavedb:00000060-a-1#13,NA,NA,p.Asn2Gly,0.099053014,0.117092257
urn:mavedb:00000060-a-1#14,NA,NA,p.Asn2Ala,-0.006774958,0.214602878
urn:mavedb:00000060-a-1#15,NA,NA,p.Asn2Asp,-0.177534019,0.018182866
urn:mavedb:00000060-a-1#16,NA,NA,p.Asn2Glu,-0.121265676,0.088895565
urn:mavedb:00000060-a-1#17,NA,NA,p.Asn2Leu,-0.121603349,0.205821743
urn:mavedb:00000060-a-1#18,NA,NA,p.Asn2Pro,-0.032001151,0.181426578
urn:mavedb:00000060-a-1#19,NA,NA,p.Asn2His,0.004058034,0.017896616
urn:mavedb:00000060-a-1#20,NA,NA,p.Asn2Gln,0.077811029,0.170967703
urn:mavedb:00000060-a-1#21,NA,NA,p.Asn2Met,-0.038435748,0.150824858
urn:mavedb:00000060-a-1#22,NA,NA,p.Asn2Ile,-0.076108375,0.019171662
urn:mavedb:00000060-a-1#23,NA,NA,p.Asn2Ser,-0.151254451,0.019507153
urn:mavedb:00000060-a-1#24,NA,NA,p.Asn2Arg,-0.002374301,0.098794011
urn:mavedb:00000060-a-1#25,NA,NA,p.Asn2Thr,-0.114393786,0.020047159
urn:mavedb:00000060-a-1#26,NA,NA,p.Ser3Phe,0.146093825,0.166913613
urn:mavedb:00000060-a-1#27,NA,NA,p.Ser3Trp,0.153233794,0.205916615
urn:mavedb:00000060-a-1#28,NA,NA,p.Ser3Cys,0.000471295,0.018714932
urn:mavedb:00000060-a-1#29,NA,NA,p.Ser3*,0.603874814,0.200505045
urn:mavedb:00000060-a-1#30,NA,NA,p.Ser3Tyr,-0.072365613,0.203026157
urn:mavedb:00000060-a-1#31,NA,NA,p.Ser3Val,0.048051976,0.129002711
urn:mavedb:00000060-a-1#32,NA,NA,p.Ser3Gly,-0.042333409,0.017896336
urn:mavedb:00000060-a-1#33,NA,NA,p.Ser3Ala,-0.46987413,0.353307039
urn:mavedb:00000060-a-1#34,NA,NA,p.Ser3Asp,-0.023210073,0.115036944
urn:mavedb:00000060-a-1#35,NA,NA,p.Ser3Leu,-0.227461111,0.133320313
urn:mavedb:00000060-a-1#36,NA,NA,p.Ser3Pro,0.095740714,0.219113312
urn:mavedb:00000060-a-1#37,NA,NA,p.Ser3His,0.163197472,0.179428108
urn:mavedb:00000060-a-1#38,NA,NA,p.Ser3Met,-0.199748256,0.312102032
urn:mavedb:00000060-a-1#39,NA,NA,p.Ser3Ile,-0.018785236,0.019842086
urn:mavedb:00000060-a-1#40,NA,NA,p.Arg4Phe,0.584287867,1.447181944
urn:mavedb:00000060-a-1#41,NA,NA,p.Arg4Trp,-0.027892019,0.19660346
urn:mavedb:00000060-a-1#42,NA,NA,p.Arg4Cys,-0.02527731,0.102610483
urn:mavedb:00000060-a-1#43,NA,NA,p.Arg4*,0.804597924,0.016330916
urn:mavedb:00000060-a-1#44,NA,NA,p.Arg4Val,-0.625417166,0.257406423
urn:mavedb:00000060-a-1#45,NA,NA,p.Arg4Gly,-0.180119239,0.018774107
urn:mavedb:00000060-a-1#46,NA,NA,p.Arg4Ala,-0.015893211,0.191465164
urn:mavedb:00000060-a-1#47,NA,NA,p.Arg4Glu,-0.525270685,0.142368793
urn:mavedb:00000060-a-1#48,NA,NA,p.Arg4Leu,-0.051377733,0.087715404
urn:mavedb:00000060-a-1#49,NA,NA,p.Arg4Pro,-0.100434398,0.276149317
urn:mavedb:00000060-a-1#50,NA,NA,p.Arg4Gln,-0.224755745,0.117890047
urn:mavedb:00000060-a-1#51,NA,NA,p.Arg4Met,0.343336123,0.362728315
urn:mavedb:00000060-a-1#52,NA,NA,p.Arg4Ser,-0.199079765,0.01434684
urn:mavedb:00000060-a-1#53,NA,NA,p.Gly5Trp,0.054397753,0.018057358
urn:mavedb:00000060-a-1#54,NA,NA,p.Gly5Cys,0.222699234,0.124173583
urn:mavedb:00000060-a-1#55,NA,NA,p.Gly5*,0.764135682,0.068950553
urn:mavedb:00000060-a-1#56,NA,NA,p.Gly5Val,-0.075142646,0.017786963
urn:mavedb:00000060-a-1#57,NA,NA,p.Gly6Phe,0.060033172,0.091530946
urn:mavedb:00000060-a-1#58,NA,NA,p.Gly6Trp,0.415472205,0.164766394
urn:mavedb:00000060-a-1#59,NA,NA,p.Gly6Cys,0.022925038,0.016053038
urn:mavedb:00000060-a-1#60,NA,NA,p.Gly6*,0.83450278,0.144849975
urn:mavedb:00000060-a-1#61,NA,NA,p.Gly6Tyr,0.06456628,0.096670739
urn:mavedb:00000060-a-1#62,NA,NA,p.Gly6Val,-0.111037166,0.016804645
urn:mavedb:00000060-a-1#63,NA,NA,p.Gly7Phe,0.158552273,0.240765794
urn:mavedb:00000060-a-1#64,NA,NA,p.Gly7Trp,-0.095759993,0.179867197
urn:mavedb:00000060-a-1#65,NA,NA,p.Gly7Cys,-0.040780826,0.13299336
urn:mavedb:00000060-a-1#66,NA,NA,p.Gly7*,0.824042283,0.01565578
urn:mavedb:00000060-a-1#67,NA,NA,p.Gly7Val,-0.080226668,0.017143439
urn:mavedb:00000060-a-1#68,NA,NA,p.Ala8Phe,0.099336458,0.187698769
urn:mavedb:00000060-a-1#69,NA,NA,p.Ala8Cys,0.245268687,0.109726933
urn:mavedb:00000060-a-1#70,NA,NA,p.Ala8Tyr,0.217016458,0.102723595
urn:mavedb:00000060-a-1#71,NA,NA,p.Ala8Val,-0.039271699,0.016837331
urn:mavedb:00000060-a-1#72,NA,NA,p.Ala8Gly,-0.039681292,0.0176091
urn:mavedb:00000060-a-1#73,NA,NA,p.Gly9Phe,-0.168198398,0.213561694
urn:mavedb:00000060-a-1#74,NA,NA,p.Gly9Trp,0.279554586,0.306749618
urn:mavedb:00000060-a-1#75,NA,NA,p.Gly9Cys,0.058842808,0.018401825
urn:mavedb:00000060-a-1#76,NA,NA,p.Gly9*,0.861701452,0.196065011
urn:mavedb:00000060-a-1#77,NA,NA,p.Gly9Tyr,0.066352776,0.130564884
urn:mavedb:00000060-a-1#78,NA,NA,p.Gly9Val,-0.03255387,0.018411077
urn:mavedb:00000060-a-1#79,NA,NA,p.Gly11Trp,-0.046297049,0.414990266
urn:mavedb:00000060-a-1#80,NA,NA,p.Gly11Cys,0.433474165,0.145170428
urn:mavedb:00000060-a-1#81,NA,NA,p.Gly11*,0.687716861,0.024932832
urn:mavedb:00000060-a-1#82,NA,NA,p.Gly11Val,-0.04506238,0.017612013
urn:mavedb:00000060-a-1#83,NA,NA,p.Asn12Phe,0.205735919,0.171108714
urn:mavedb:00000060-a-1#84,NA,NA,p.Asn12Cys,0.018825277,0.156602955
urn:mavedb:00000060-a-1#85,NA,NA,p.Asn12Tyr,0.11973167,0.017491913
urn:mavedb:00000060-a-1#86,NA,NA,p.Asn12*,0.894178909,0.095671904
urn:mavedb:00000060-a-1#87,NA,NA,p.Asn12Val,0.062036108,0.119920856
urn:mavedb:00000060-a-1#88,NA,NA,p.Asn12Gly,-0.043667726,0.147768259
urn:mavedb:00000060-a-1#89,NA,NA,p.Asn12Ala,-0.632709563,0.337908193
urn:mavedb:00000060-a-1#90,NA,NA,p.Asn12Asp,-0.234929053,0.020453084
urn:mavedb:00000060-a-1#91,NA,NA,p.Asn12Glu,-0.004181436,0.102101567
urn:mavedb:00000060-a-1#92,NA,NA,p.Asn12Leu,-0.153852157,0.13133668
urn:mavedb:00000060-a-1#93,NA,NA,p.Asn12Pro,-0.114828489,0.166195657
urn:mavedb:00000060-a-1#94,NA,NA,p.Asn12His,0.016799704,0.01998876
urn:mavedb:00000060-a-1#95,NA,NA,p.Asn12Gln,-0.251628125,0.148148961
urn:mavedb:00000060-a-1#96,NA,NA,p.Asn12Met,0.608196524,0.215383806
urn:mavedb:00000060-a-1#97,NA,NA,p.Asn12Ile,0.037141843,0.01826663
urn:mavedb:00000060-a-1#98,NA,NA,p.Asn12Ser,-0.098166346,0.019060362
urn:mavedb:00000060-a-1#99,NA,NA,p.Asn12Arg,-0.084262449,0.095039554
urn:mavedb:00000060-a-1#100,NA,NA,p.Asn12Thr,-0.05380225,0.020363104
urn:mavedb:00000060-a-1#101,NA,NA,p.Asn13Phe,0.095864628,0.215893957
urn:mavedb:00000060-a-1#102,NA,NA,p.Asn13Cys,0.380448921,0.190197163
urn:mavedb:00000060-a-1#103,NA,NA,p.Asn13Tyr,0.105398766,0.018641528
urn:mavedb:00000060-a-1#104,NA,NA,p.Asn13*,0.663221126,0.125249866
urn:mavedb:00000060-a-1#105,NA,NA,p.Asn13Val,-0.152790436,0.219198128
urn:mavedb:00000060-a-1#106,NA,NA,p.Asn13Gly,0.038658269,0.18324751
urn:mavedb:00000060-a-1#107,NA,NA,p.Asn13Ala,-0.322106187,0.311513665
urn:mavedb:00000060-a-1#108,NA,NA,p.Asn13Asp,-0.210934981,0.020493443
urn:mavedb:00000060-a-1#109,NA,NA,p.Asn13Glu,-0.197507436,0.170464566
urn:mavedb:00000060-a-1#110,NA,NA,p.Asn13Leu,0.133869582,0.147156771
urn:mavedb:00000060-a-1#111,NA,NA,p.Asn13Pro,-0.165301567,0.298556509
urn:mavedb:00000060-a-1#112,NA,NA,p.Asn13His,-0.015533236,0.020704723
urn:mavedb:00000060-a-1#113,NA,NA,p.Asn13Gln,-0.34846804,0.444061119
urn:mavedb:00000060-a-1#114,NA,NA,p.Asn13Met,-0.011142906,0.158622873
urn:mavedb:00000060-a-1#115,NA,NA,p.Asn13Ile,0.049901588,0.019043513
urn:mavedb:00000060-a-1#116,NA,NA,p.Asn13Ser,-0.100432516,0.020579902
urn:mavedb:00000060-a-1#117,NA,NA,p.Asn13Arg,-0.149442539,0.153737766
urn:mavedb:00000060-a-1#118,NA,NA,p.Asn13Thr,-0.101977315,0.02198762
urn:mavedb:00000060-a-1#119,NA,NA,p.Gln14Phe,0.723949868,1.063689355
urn:mavedb:00000060-a-1#120,NA,NA,p.Gln14Ser,-0.075298802,0.209780387
urn:mavedb:00000060-a-1#121,NA,NA,p.Gln14Tyr,0.029360101,0.108649824
urn:mavedb:00000060-a-1#122,NA,NA,p.Gln14*,0.64324249,0.016610173
urn:mavedb:00000060-a-1#123,NA,NA,p.Gln14Val,-0.119319287,0.175603387
urn:mavedb:00000060-a-1#124,NA,NA,p.Gln14Gly,-0.118261117,0.268028564
urn:mavedb:00000060-a-1#125,NA,NA,p.Gln14Ala,-0.049781201,0.185398754
urn:mavedb:00000060-a-1#126,NA,NA,p.Gln14Asp,-0.57529922,0.165123826
urn:mavedb:00000060-a-1#127,NA,NA,p.Gln14Glu,-0.274808559,0.020566571
urn:mavedb:00000060-a-1#128,NA,NA,p.Gln14Leu,0.04083915,0.018595582
urn:mavedb:00000060-a-1#129,NA,NA,p.Gln14Pro,-0.050233528,0.023145237
urn:mavedb:00000060-a-1#130,NA,NA,p.Gln14His,-0.029425104,0.015375461
urn:mavedb:00000060-a-1#131,NA,NA,p.Gly15Phe,0.514226749,0.13812829
urn:mavedb:00000060-a-1#132,NA,NA,p.Gly15Trp,0.650889849,0.150057817
urn:mavedb:00000060-a-1#133,NA,NA,p.Gly15Cys,0.121661508,0.020407402
urn:mavedb:00000060-a-1#134,NA,NA,p.Gly15*,0.691435415,0.22442878
urn:mavedb:00000060-a-1#135,NA,NA,p.Gly15Tyr,0.320899211,0.167758577
urn:mavedb:00000060-a-1#136,NA,NA,p.Gly15Val,0.088302896,0.019565418
urn:mavedb:00000060-a-1#137,NA,NA,p.Ser16Phe,0.3470481,0.129157613
urn:mavedb:00000060-a-1#138,NA,NA,p.Ser16Trp,0.360184188,0.135374374
urn:mavedb:00000060-a-1#139,NA,NA,p.Ser16Cys,0.20332904,0.019004409
urn:mavedb:00000060-a-1#140,NA,NA,p.Ser16*,0.533520581,0.187462397
urn:mavedb:00000060-a-1#141,NA,NA,p.Ser16Tyr,0.308472346,0.189457971
urn:mavedb:00000060-a-1#142,NA,NA,p.Ser16Val,0.054837738,0.364076387
urn:mavedb:00000060-a-1#143,NA,NA,p.Ser16Gly,0.003022497,0.020780892
urn:mavedb:00000060-a-1#144,NA,NA,p.Ser16Ala,-0.029000233,0.24810577
urn:mavedb:00000060-a-1#145,NA,NA,p.Ser16Asp,0.341793306,0.346715899
urn:mavedb:00000060-a-1#146,NA,NA,p.Ser16Glu,-1.019707233,1.240274642
urn:mavedb:00000060-a-1#147,NA,NA,p.Ser16Leu,0.307198005,0.211778633
urn:mavedb:00000060-a-1#148,NA,NA,p.Ser16Pro,0.11382904,0.61821451
urn:mavedb:00000060-a-1#149,NA,NA,p.Ser16His,-0.051002057,0.114463913
urn:mavedb:00000060-a-1#150,NA,NA,p.Ser16Met,0.081618641,0.260975628
urn:mavedb:00000060-a-1#151,NA,NA,p.Ser16Ile,0.214604223,0.019210164
urn:mavedb:00000060-a-1#152,NA,NA,p.Asn17Phe,-0.101236299,0.437372198
urn:mavedb:00000060-a-1#153,NA,NA,p.Asn17Cys,-1.243191879,0.53300544
urn:mavedb:00000060-a-1#154,NA,NA,p.Asn17Tyr,0.511597074,0.019050966
urn:mavedb:00000060-a-1#155,NA,NA,p.Asn17*,0.841598782,0.124376948
urn:mavedb:00000060-a-1#156,NA,NA,p.Asn17Val,0.399265294,0.151238549
urn:mavedb:00000060-a-1#157,NA,NA,p.Asn17Gly,-0.229676044,0.170036671
urn:mavedb:00000060-a-1#158,NA,NA,p.Asn17Ala,-0.211910581,0.389789548
urn:mavedb:00000060-a-1#159,NA,NA,p.Asn17Asp,-0.307410373,0.021357757
urn:mavedb:00000060-a-1#160,NA,NA,p.Asn17Glu,-0.339182116,0.133157854
urn:mavedb:00000060-a-1#161,NA,NA,p.Asn17Leu,-0.59964725,0.400558685
urn:mavedb:00000060-a-1#162,NA,NA,p.Asn17Pro,-0.069987482,0.240447082
urn:mavedb:00000060-a-1#163,NA,NA,p.Asn17His,0.000959323,0.020967863
urn:mavedb:00000060-a-1#164,NA,NA,p.Asn17Gln,-0.097765737,0.17438489
urn:mavedb:00000060-a-1#165,NA,NA,p.Asn17Met,0.211613743,0.147126468
urn:mavedb:00000060-a-1#166,NA,NA,p.Asn17Ile,0.468681066,0.019282729
urn:mavedb:00000060-a-1#167,NA,NA,p.Asn17Ser,-0.021638101,0.021202125
urn:mavedb:00000060-a-1#168,NA,NA,p.Asn17Arg,-0.072214284,0.140130284
urn:mavedb:00000060-a-1#169,NA,NA,p.Asn17Thr,-0.097980987,0.021050177
urn:mavedb:00000060-a-1#170,NA,NA,p.Met18Phe,0.06015065,0.20895038
urn:mavedb:00000060-a-1#171,NA,NA,p.Met18Trp,0.687275144,0.249300221
urn:mavedb:00000060-a-1#172,NA,NA,p.Met18*,0.580721312,0.198796592
urn:mavedb:00000060-a-1#173,NA,NA,p.Met18Val,-0.166509766,0.022036415
urn:mavedb:00000060-a-1#174,NA,NA,p.Met18Gly,-0.310494296,0.789167528
urn:mavedb:00000060-a-1#175,NA,NA,p.Met18Ala,-0.251277338,0.202053725
urn:mavedb:00000060-a-1#176,NA,NA,p.Met18Glu,-0.500431896,0.746119942
urn:mavedb:00000060-a-1#177,NA,NA,p.Met18Leu,-0.132422239,0.015395754
urn:mavedb:00000060-a-1#178,NA,NA,p.Met18Pro,-0.41483488,0.207181514
urn:mavedb:00000060-a-1#179,NA,NA,p.Met18Gln,-0.186623169,0.11983471
urn:mavedb:00000060-a-1#180,NA,NA,p.Gly19Phe,0.327295752,0.139804326
urn:mavedb:00000060-a-1#181,NA,NA,p.Gly19Trp,0.294003801,0.281003564
urn:mavedb:00000060-a-1#182,NA,NA,p.Gly19Cys,0.169375735,0.017626439
urn:mavedb:00000060-a-1#183,NA,NA,p.Gly19*,0.85959951,0.265932953
urn:mavedb:00000060-a-1#184,NA,NA,p.Gly19Tyr,0.312956658,0.233543896
urn:mavedb:00000060-a-1#185,NA,NA,p.Gly19Val,0.132725641,0.017242515
urn:mavedb:00000060-a-1#186,NA,NA,p.Gly20Phe,0.637405727,0.13322832
urn:mavedb:00000060-a-1#187,NA,NA,p.Gly20Trp,0.828843512,0.12593486
urn:mavedb:00000060-a-1#188,NA,NA,p.Gly20Cys,0.162710012,0.017674578
urn:mavedb:00000060-a-1#189,NA,NA,p.Gly20*,0.664368749,0.216947899
urn:mavedb:00000060-a-1#190,NA,NA,p.Gly20Tyr,0.218841704,0.104884527
urn:mavedb:00000060-a-1#191,NA,NA,p.Gly20Val,0.278309838,0.017395395
urn:mavedb:00000060-a-1#192,NA,NA,p.Gly21Phe,-0.03622214,1.609758134
urn:mavedb:00000060-a-1#193,NA,NA,p.Gly21Trp,0.930410636,0.016289251
urn:mavedb:00000060-a-1#194,NA,NA,p.Gly21Cys,0.206758639,0.086369791
urn:mavedb:00000060-a-1#195,NA,NA,p.Gly21*,0.76122475,0.071574822
urn:mavedb:00000060-a-1#196,NA,NA,p.Gly21Tyr,-0.03622214,1.609758134
urn:mavedb:00000060-a-1#197,NA,NA,p.Gly21Val,0.309970474,0.017414906
urn:mavedb:00000060-a-1#198,NA,NA,p.Met22Phe,0.395974179,0.249855195
urn:mavedb:00000060-a-1#199,NA,NA,p.Met22Trp,0.596968088,0.124110102
urn:mavedb:00000060-a-1#200,NA,NA,p.Met22*,0.742942315,0.270668045
urn:mavedb:00000060-a-1#201,NA,NA,p.Met22Val,-0.128954602,0.020405735
urn:mavedb:00000060-a-1#202,NA,NA,p.Met22Gly,-0.105949149,0.196881903
urn:mavedb:00000060-a-1#203,NA,NA,p.Met22Ala,-0.447946331,0.184956026
urn:mavedb:00000060-a-1#204,NA,NA,p.Met22Glu,-0.530639019,0.197539448
urn:mavedb:00000060-a-1#205,NA,NA,p.Met22Leu,-0.044410037,0.014221057
urn:mavedb:00000060-a-1#206,NA,NA,p.Met22Pro,-0.643211924,0.2050541
urn:mavedb:00000060-a-1#207,NA,NA,p.Met22Gln,0.007268869,0.406025217
urn:mavedb:00000060-a-1#208,NA,NA,p.Asn23Phe,0.920863923,0.168170847
urn:mavedb:00000060-a-1#209,NA,NA,p.Asn23Cys,0.570742567,0.221308499
urn:mavedb:00000060-a-1#210,NA,NA,p.Asn23Tyr,0.953101136,0.016662282
urn:mavedb:00000060-a-1#211,NA,NA,p.Asn23*,0.9684401,0.069773761
urn:mavedb:00000060-a-1#212,NA,NA,p.Asn23Val,1.081065962,0.096256262
urn:mavedb:00000060-a-1#213,NA,NA,p.Asn23Gly,-0.182485206,0.199900305
urn:mavedb:00000060-a-1#214,NA,NA,p.Asn23Ala,0.584242503,0.179586906
urn:mavedb:00000060-a-1#215,NA,NA,p.Asn23Asp,-0.408178543,0.021175118
urn:mavedb:00000060-a-1#216,NA,NA,p.Asn23Glu,-0.263422831,0.130946143
urn:mavedb:00000060-a-1#217,NA,NA,p.Asn23Leu,0.955453976,0.127421224
urn:mavedb:00000060-a-1#218,NA,NA,p.Asn23Pro,0.23134125,0.228234298
urn:mavedb:00000060-a-1#219,NA,NA,p.Asn23His,0.057623701,0.019358441
urn:mavedb:00000060-a-1#220,NA,NA,p.Asn23Gln,-0.012092687,0.127277134
urn:mavedb:00000060-a-1#221,NA,NA,p.Asn23Met,0.764712404,0.327029248
urn:mavedb:00000060-a-1#222,NA,NA,p.Asn23Ile,1.062209753,0.016057954
urn:mavedb:00000060-a-1#223,NA,NA,p.Asn23Ser,0.067266848,0.020912714
urn:mavedb:00000060-a-1#224,NA,NA,p.Asn23Arg,-0.622601513,0.157250022
urn:mavedb:00000060-a-1#225,NA,NA,p.Asn23Thr,0.329707364,0.019430365
urn:mavedb:00000060-a-1#226,NA,NA,p.Gly25Phe,1.059769869,0.179861028
urn:mavedb:00000060-a-1#227,NA,NA,p.Gly25Trp,0.726605547,0.162515275
urn:mavedb:00000060-a-1#228,NA,NA,p.Gly25Cys,0.802885975,0.017308174
urn:mavedb:00000060-a-1#229,NA,NA,p.Gly25*,0.248464369,0.216685793
urn:mavedb:00000060-a-1#230,NA,NA,p.Gly25Tyr,0.255411835,0.16932046
urn:mavedb:00000060-a-1#231,NA,NA,p.Gly25Val,1.030258576,0.016163436
urn:mavedb:00000060-a-1#232,NA,NA,p.Ala26Trp,0.812802761,0.113792646
urn:mavedb:00000060-a-1#233,NA,NA,p.Ala26Ser,-0.221233789,0.019708748
urn:mavedb:00000060-a-1#234,NA,NA,p.Ala26Tyr,0.372042057,0.459329983
urn:mavedb:00000060-a-1#235,NA,NA,p.Ala26*,0.257483865,0.495430625
urn:mavedb:00000060-a-1#236,NA,NA,p.Ala26Val,0.427862054,0.01571751
urn:mavedb:00000060-a-1#237,NA,NA,p.Ala26Gly,-0.153558027,0.018181127
urn:mavedb:00000060-a-1#238,NA,NA,p.Ser28Phe,0.68383069,0.13755135
urn:mavedb:00000060-a-1#239,NA,NA,p.Ser28Trp,0.556613997,0.335648043
urn:mavedb:00000060-a-1#240,NA,NA,p.Ser28Cys,0.444391075,0.017458869
urn:mavedb:00000060-a-1#241,NA,NA,p.Ser28*,0.586062688,0.215498866
urn:mavedb:00000060-a-1#242,NA,NA,p.Ser28Tyr,0.625303228,0.082312952
urn:mavedb:00000060-a-1#243,NA,NA,p.Ser28Val,0.9722216,0.128936525
urn:mavedb:00000060-a-1#244,NA,NA,p.Ser28Gly,-0.017273984,0.019190795
urn:mavedb:00000060-a-1#245,NA,NA,p.Ser28Ala,-0.396889412,0.242923184
urn:mavedb:00000060-a-1#246,NA,NA,p.Ser28Asp,-0.34845022,0.169097863
urn:mavedb:00000060-a-1#247,NA,NA,p.Ser28Leu,0.592690459,0.239501887
urn:mavedb:00000060-a-1#248,NA,NA,p.Ser28Pro,-0.150065704,0.157256689
urn:mavedb:00000060-a-1#249,NA,NA,p.Ser28His,-0.081684777,0.113420671
urn:mavedb:00000060-a-1#250,NA,NA,p.Ser28Met,0.460739136,0.159562538
urn:mavedb:00000060-a-1#251,NA,NA,p.Ser28Ile,0.76275105,0.017530041
urn:mavedb:00000060-a-1#252,NA,NA,p.Ile29Phe,-0.023281854,0.019493501
urn:mavedb:00000060-a-1#253,NA,NA,p.Ile29Cys,-0.045474638,0.253894042
urn:mavedb:00000060-a-1#254,NA,NA,p.Ile29Tyr,-0.840049587,0.447011482
urn:mavedb:00000060-a-1#255,NA,NA,p.Ile29Val,-0.310279823,0.021910143
urn:mavedb:00000060-a-1#256,NA,NA,p.Ile29Gly,-0.718323853,0.233899595
urn:mavedb:00000060-a-1#257,NA,NA,p.Ile29Ala,-0.754502256,0.656304006
urn:mavedb:00000060-a-1#258,NA,NA,p.Ile29Asp,-1.339183743,0.257975069
urn:mavedb:00000060-a-1#259,NA,NA,p.Ile29Leu,-0.18089964,0.021068996
urn:mavedb:00000060-a-1#260,NA,NA,p.Ile29Pro,-0.925002219,0.291842648
urn:mavedb:00000060-a-1#261,NA,NA,p.Ile29His,-0.668241781,0.264291047
urn:mavedb:00000060-a-1#262,NA,NA,p.Asn30Phe,1.349852417,0.199128143
urn:mavedb:00000060-a-1#263,NA,NA,p.Asn30Cys,0.473654262,0.324541853
urn:mavedb:00000060-a-1#264,NA,NA,p.Asn30Tyr,0.853956368,0.016954588
urn:mavedb:00000060-a-1#265,NA,NA,p.Asn30*,0.768506312,0.122237589
urn:mavedb:00000060-a-1#266,NA,NA,p.Asn30Val,1.138550141,0.12614478
urn:mavedb:00000060-a-1#267,NA,NA,p.Asn30Gly,0.016183837,0.417727207
urn:mavedb:00000060-a-1#268,NA,NA,p.Gly19Asp,-0.388233365,0.016633205
urn:mavedb:00000060-a-1#269,NA,NA,p.Gly19Glu,-0.226114147,0.098501826
urn:mavedb:00000060-a-1#270,NA,NA,p.Gly19Leu,-0.102447842,0.208711132
urn:mavedb:00000060-a-1#271,NA,NA,p.Gly19Pro,-0.109901892,0.394070661
urn:mavedb:00000060-a-1#272,NA,NA,p.Gly19His,-0.01335067,0.128591289
urn:mavedb:00000060-a-1#273,NA,NA,p.Gly19Ile,0.124479442,0.13570554
urn:mavedb:00000060-a-1#274,NA,NA,p.Gly19Ser,-0.122348215,0.015687179
urn:mavedb:00000060-a-1#275,NA,NA,p.Gly19Arg,-0.207137753,0.021934901
urn:mavedb:00000060-a-1#276,NA,NA,p.Gly19Thr,0.017478249,0.122022296
urn:mavedb:00000060-a-1#277,NA,NA,p.Gly19Asn,0.018999248,0.103149107
urn:mavedb:00000060-a-1#278,NA,NA,p.Met18Ile,-0.138827618,0.01115728
urn:mavedb:00000060-a-1#279,NA,NA,p.Met18Ser,-0.329464922,0.105390447
urn:mavedb:00000060-a-1#280,NA,NA,p.Met18Arg,-0.248521208,0.022922807
urn:mavedb:00000060-a-1#281,NA,NA,p.Met18Thr,-0.316998281,0.025069007
urn:mavedb:00000060-a-1#282,NA,NA,p.Met18Asn,-0.318213958,0.243617161
urn:mavedb:00000060-a-1#283,NA,NA,p.Met18Lys,-0.533236459,0.024183322
urn:mavedb:00000060-a-1#284,NA,NA,p.Asn17Lys,-0.365290243,0.016276288
urn:mavedb:00000060-a-1#285,NA,NA,p.Ser16Arg,-0.040230877,0.011971718
urn:mavedb:00000060-a-1#286,NA,NA,p.Ser16Thr,-0.037498377,0.022282703
urn:mavedb:00000060-a-1#287,NA,NA,p.Ser16Asn,-0.020014162,0.019414357
urn:mavedb:00000060-a-1#288,NA,NA,p.Ser16Lys,-0.447391171,0.168896604
urn:mavedb:00000060-a-1#289,NA,NA,p.Gly15Ala,-0.028739463,0.02278969
urn:mavedb:00000060-a-1#290,NA,NA,p.Gly15Asp,-0.274109131,0.01900898
urn:mavedb:00000060-a-1#291,NA,NA,p.Gly15Glu,-0.17977017,0.094096975
urn:mavedb:00000060-a-1#292,NA,NA,p.Gly15Leu,0.039219254,0.182709722
urn:mavedb:00000060-a-1#293,NA,NA,p.Gly15Pro,-0.120034939,0.236057492
urn:mavedb:00000060-a-1#294,NA,NA,p.Gly15His,0.082786782,0.297449225
urn:mavedb:00000060-a-1#295,NA,NA,p.Gly15Ile,-0.227143033,0.230386222
urn:mavedb:00000060-a-1#296,NA,NA,p.Gly15Ser,-0.124801368,0.018405642
urn:mavedb:00000060-a-1#297,NA,NA,p.Gly15Arg,-0.033487925,0.022591934
urn:mavedb:00000060-a-1#298,NA,NA,p.Gly15Thr,0.162910281,0.229705334
urn:mavedb:00000060-a-1#299,NA,NA,p.Gly15Asn,0.288684904,0.126954224
urn:mavedb:00000060-a-1#300,NA,NA,p.Gln14Ile,0.088302869,0.311102556
urn:mavedb:00000060-a-1#301,NA,NA,p.Gln14Arg,-0.113421661,0.022549469
urn:mavedb:00000060-a-1#302,NA,NA,p.Gln14Thr,0.028320328,0.430571282
urn:mavedb:00000060-a-1#303,NA,NA,p.Gln14Asn,-0.171615575,0.199349111
urn:mavedb:00000060-a-1#304,NA,NA,p.Gln14Lys,-0.279732726,0.021196716
urn:mavedb:00000060-a-1#305,NA,NA,p.Asn13Lys,-0.280071819,0.016357894
urn:mavedb:00000060-a-1#306,NA,NA,p.Asn12Lys,-0.248609417,0.013985829
urn:mavedb:00000060-a-1#307,NA,NA,p.Gly11Ala,-0.099396816,0.020243284
urn:mavedb:00000060-a-1#308,NA,NA,p.Gly11Asp,-0.326678694,0.135226667
urn:mavedb:00000060-a-1#309,NA,NA,p.Gly11Glu,-0.262817931,0.01859684
urn:mavedb:00000060-a-1#310,NA,NA,p.Gly11Leu,-0.124983419,0.109620856
urn:mavedb:00000060-a-1#311,NA,NA,p.Gly11Pro,0.484824004,0.401189271
urn:mavedb:00000060-a-1#312,NA,NA,p.Gly11Gln,0.040674753,0.121982885
urn:mavedb:00000060-a-1#313,NA,NA,p.Gly11Ile,-0.238488199,0.193770912
urn:mavedb:00000060-a-1#314,NA,NA,p.Gly11Ser,-0.125004325,0.096594231
urn:mavedb:00000060-a-1#315,NA,NA,p.Gly11Arg,-0.026175535,0.013510618
urn:mavedb:00000060-a-1#316,NA,NA,p.Gly11Thr,-0.475635401,0.353178607
urn:mavedb:00000060-a-1#317,NA,NA,p.Gly11Lys,-0.275175141,0.120168956
urn:mavedb:00000060-a-1#318,NA,NA,p.Leu10Phe,0.049921069,0.01434482
urn:mavedb:00000060-a-1#319,NA,NA,p.Leu10Trp,0.136691505,0.019029615
urn:mavedb:00000060-a-1#320,NA,NA,p.Leu10Cys,0.052433231,0.181138805
urn:mavedb:00000060-a-1#321,NA,NA,p.Leu10Ser,-0.195895686,0.021370371
urn:mavedb:00000060-a-1#322,NA,NA,p.Leu10Tyr,0.338721013,0.203860432
urn:mavedb:00000060-a-1#323,NA,NA,p.Leu10*,0.850814579,0.017128974
urn:mavedb:00000060-a-1#324,NA,NA,p.Leu10Val,-0.089567471,0.020590805
urn:mavedb:00000060-a-1#325,NA,NA,p.Leu10Gly,-0.121353089,0.148557633
urn:mavedb:00000060-a-1#326,NA,NA,p.Leu10Ala,-0.334089875,0.130097694
urn:mavedb:00000060-a-1#327,NA,NA,p.Leu10Glu,-0.283255255,0.138644244
urn:mavedb:00000060-a-1#328,NA,NA,p.Leu10Pro,-0.426839316,0.417659832
urn:mavedb:00000060-a-1#329,NA,NA,p.Leu10Gln,-0.394561916,0.171057922
urn:mavedb:00000060-a-1#330,NA,NA,p.Leu10Met,-0.014706596,0.022607511
urn:mavedb:00000060-a-1#331,NA,NA,p.Leu10Ile,-0.310647176,0.148393582
urn:mavedb:00000060-a-1#332,NA,NA,p.Leu10Arg,-0.13884468,0.189446573
urn:mavedb:00000060-a-1#333,NA,NA,p.Leu10Thr,-0.514491773,0.267300873
urn:mavedb:00000060-a-1#334,NA,NA,p.Leu10Lys,0.079343671,0.251227622
urn:mavedb:00000060-a-1#335,NA,NA,p.Gly9Ala,-0.121570391,0.02244979
urn:mavedb:00000060-a-1#336,NA,NA,p.Gly9Asp,-0.260467305,0.018265003
urn:mavedb:00000060-a-1#337,NA,NA,p.Gly9Glu,-0.308124308,0.1155887
urn:mavedb:00000060-a-1#338,NA,NA,p.Gly9Leu,-0.168784506,0.218286117
urn:mavedb:00000060-a-1#339,NA,NA,p.Gly9Pro,0.076557857,0.217976057
urn:mavedb:00000060-a-1#340,NA,NA,p.Gly9His,0.350408298,0.225973921
urn:mavedb:00000060-a-1#341,NA,NA,p.Gly9Ile,0.038766578,0.166949531
urn:mavedb:00000060-a-1#342,NA,NA,p.Gly9Ser,-0.077181277,0.018206733
urn:mavedb:00000060-a-1#343,NA,NA,p.Gly9Arg,-0.043919561,0.021267474
urn:mavedb:00000060-a-1#344,NA,NA,p.Gly9Thr,-0.123231517,0.162458892
urn:mavedb:00000060-a-1#345,NA,NA,p.Gly9Asn,0.023341972,0.136286924
urn:mavedb:00000060-a-1#346,NA,NA,p.Gly9Lys,0.030802687,1.701477193
urn:mavedb:00000060-a-1#347,NA,NA,p.Ala8Asp,-0.194409934,0.017831486
urn:mavedb:00000060-a-1#348,NA,NA,p.Ala8Glu,-0.321136441,0.086246887
urn:mavedb:00000060-a-1#349,NA,NA,p.Ala8Leu,-0.024615896,0.135764472
urn:mavedb:00000060-a-1#350,NA,NA,p.Ala8Arg,0.158967435,0.248993533
urn:mavedb:00000060-a-1#351,NA,NA,p.Ala8Pro,-0.039423107,0.018774638
urn:mavedb:00000060-a-1#352,NA,NA,p.Ala8His,0.190204625,0.155938608
urn:mavedb:00000060-a-1#353,NA,NA,p.Ala8Ile,-0.015865451,0.12870952
urn:mavedb:00000060-a-1#354,NA,NA,p.Ala8Ser,-0.087937802,0.016961563
urn:mavedb:00000060-a-1#355,NA,NA,p.Ala8Thr,-0.14201421,0.017180372
urn:mavedb:00000060-a-1#356,NA,NA,p.Ala8Asn,-0.131258799,0.125946266
urn:mavedb:00000060-a-1#357,NA,NA,p.Gly7Ala,-0.141123105,0.019077462
urn:mavedb:00000060-a-1#358,NA,NA,p.Gly7Asp,-0.253794399,0.099082628
urn:mavedb:00000060-a-1#359,NA,NA,p.Gly7Glu,-0.221331301,0.016911775
urn:mavedb:00000060-a-1#360,NA,NA,p.Gly7Leu,0.070751944,0.103026164
urn:mavedb:00000060-a-1#361,NA,NA,p.Gly7Pro,0.010355609,0.121639657
urn:mavedb:00000060-a-1#362,NA,NA,p.Gly7Gln,0.123278408,0.111646524
urn:mavedb:00000060-a-1#363,NA,NA,p.Gly7Ile,0.01609504,0.104583771
urn:mavedb:00000060-a-1#364,NA,NA,p.Gly7Ser,-0.355330141,0.090863023
urn:mavedb:00000060-a-1#365,NA,NA,p.Gly7Arg,-0.079460148,0.012885487
urn:mavedb:00000060-a-1#366,NA,NA,p.Gly7Thr,-0.036774725,0.155354521
urn:mavedb:00000060-a-1#367,NA,NA,p.Gly7Lys,-0.175803491,0.111041397
urn:mavedb:00000060-a-1#368,NA,NA,p.Gly6Ala,-0.134289671,0.017623517
urn:mavedb:00000060-a-1#369,NA,NA,p.Gly6Asp,-0.23309977,0.016053997
urn:mavedb:00000060-a-1#370,NA,NA,p.Gly6Glu,-0.43323864,0.076198644
urn:mavedb:00000060-a-1#371,NA,NA,p.Gly6Leu,-0.037743081,0.112808846
urn:mavedb:00000060-a-1#372,NA,NA,p.Gly6Pro,-0.215691199,0.216078843
urn:mavedb:00000060-a-1#373,NA,NA,p.Gly6His,-0.291489714,0.218452503
urn:mavedb:00000060-a-1#374,NA,NA,p.Gly6Ile,-0.0970696,0.105214944
urn:mavedb:00000060-a-1#375,NA,NA,p.Gly6Ser,-0.143985369,0.015756043
urn:mavedb:00000060-a-1#376,NA,NA,p.Gly6Arg,-0.046392199,0.016977734
urn:mavedb:00000060-a-1#377,NA,NA,p.Gly6Thr,-0.272927326,0.124611474
urn:mavedb:00000060-a-1#378,NA,NA,p.Gly6Asn,0.262984263,0.09515587
urn:mavedb:00000060-a-1#379,NA,NA,p.Gly5Ala,0.007437522,0.012989467
urn:mavedb:00000060-a-1#380,NA,NA,p.Gly5Asp,-0.171145266,0.096679375
urn:mavedb:00000060-a-1#381,NA,NA,p.Gly5Glu,-0.269793576,0.015847845
urn:mavedb:00000060-a-1#382,NA,NA,p.Gly5Leu,-0.138394929,0.071605871
urn:mavedb:00000060-a-1#383,NA,NA,p.Gly5Pro,-0.129639468,0.139230447
urn:mavedb:00000060-a-1#384,NA,NA,p.Gly5Gln,-0.043687047,0.201079378
urn:mavedb:00000060-a-1#385,NA,NA,p.Gly5Met,-0.241922348,0.167188077
urn:mavedb:00000060-a-1#386,NA,NA,p.Gly5Ser,0.050731269,0.075055405
urn:mavedb:00000060-a-1#387,NA,NA,p.Gly5Arg,-0.071338011,0.012964372
urn:mavedb:00000060-a-1#388,NA,NA,p.Gly5Thr,-0.128258052,0.113312192
urn:mavedb:00000060-a-1#389,NA,NA,p.Gly5Asn,0.030802687,1.701477193
urn:mavedb:00000060-a-1#390,NA,NA,p.Gly5Lys,-0.22297692,0.14848266
urn:mavedb:00000060-a-1#391,NA,NA,p.Arg4Thr,-0.179401675,0.019203193
urn:mavedb:00000060-a-1#392,NA,NA,p.Arg4Asn,-0.154174407,0.127139191
urn:mavedb:00000060-a-1#393,NA,NA,p.Arg4Lys,-0.250285818,0.017165771
urn:mavedb:00000060-a-1#394,NA,NA,p.Ser3Arg,-0.021631468,0.011392733
urn:mavedb:00000060-a-1#395,NA,NA,p.Ser3Thr,-0.126974427,0.021640992
urn:mavedb:00000060-a-1#396,NA,NA,p.Ser3Asn,-0.108923079,0.019255067
urn:mavedb:00000060-a-1#397,NA,NA,p.Ser3Lys,0.094639953,0.218649472
urn:mavedb:00000060-a-1#398,NA,NA,p.Asn2Lys,-0.167974988,0.013903054
urn:mavedb:00000060-a-1#399,NA,NA,p.Gly1Ala,-0.103190805,0.019164778
urn:mavedb:00000060-a-1#400,NA,NA,p.Gly1Asp,-0.194155568,0.020239776
urn:mavedb:00000060-a-1#401,NA,NA,p.Gly1Glu,-0.397225734,0.104320053
urn:mavedb:00000060-a-1#402,NA,NA,p.Gly1Leu,-0.173144269,0.297418669
urn:mavedb:00000060-a-1#403,NA,NA,p.Gly1Pro,-0.848636991,0.430743734
urn:mavedb:00000060-a-1#404,NA,NA,p.Gly1His,0.044485938,0.227912818
urn:mavedb:00000060-a-1#405,NA,NA,p.Gly1Ile,0.268489997,0.207228677
urn:mavedb:00000060-a-1#406,NA,NA,p.Gly1Ser,-0.070958427,0.022369527
urn:mavedb:00000060-a-1#407,NA,NA,p.Gly1Arg,-0.016646174,0.02103708
urn:mavedb:00000060-a-1#408,NA,NA,p.Gly1Thr,0.077640258,0.220372248
urn:mavedb:00000060-a-1#409,NA,NA,p.Gly1Asn,-0.118385208,0.21305419
urn:mavedb:00000060-a-1#410,NA,NA,p.Arg4Ile,-0.108639307,0.017165318
urn:mavedb:00000060-a-1#411,NA,NA,p.Asn30Ala,0.16951243,0.447379774
urn:mavedb:00000060-a-1#412,NA,NA,p.Asn30Asp,-0.5818801,0.022938649
urn:mavedb:00000060-a-1#413,NA,NA,p.Asn30Glu,-0.772678018,0.171909292
urn:mavedb:00000060-a-1#414,NA,NA,p.Asn30Leu,0.47885648,0.588808684
urn:mavedb:00000060-a-1#415,NA,NA,p.Asn30Pro,0.880688199,0.378812149
urn:mavedb:00000060-a-1#416,NA,NA,p.Asn30His,0.309171282,0.020347732
urn:mavedb:00000060-a-1#417,NA,NA,p.Asn30Gln,-0.003983248,0.528903589
urn:mavedb:00000060-a-1#418,NA,NA,p.Asn30Met,0.929990967,0.113878294
urn:mavedb:00000060-a-1#419,NA,NA,p.Asn30Ile,1.043812761,0.016240602
urn:mavedb:00000060-a-1#420,NA,NA,p.Asn30Ser,0.02581471,0.019716459
urn:mavedb:00000060-a-1#421,NA,NA,p.Asn30Arg,0.121309401,0.136637895
urn:mavedb:00000060-a-1#422,NA,NA,p.Asn30Thr,0.124542533,0.021348872
urn:mavedb:00000060-a-1#423,NA,NA,p.Pro31Phe,0.039809497,1.648975113
urn:mavedb:00000060-a-1#424,NA,NA,p.Pro31Ser,0.870997893,0.015872428
urn:mavedb:00000060-a-1#425,NA,NA,p.Pro31*,0.577804301,0.078726104
urn:mavedb:00000060-a-1#426,NA,NA,p.Pro31Val,1.040720024,0.147090616
urn:mavedb:00000060-a-1#427,NA,NA,p.Pro31Gly,0.853653236,0.0992865
urn:mavedb:00000060-a-1#428,NA,NA,p.Pro31Ala,0.950489735,0.016523057
urn:mavedb:00000060-a-1#429,NA,NA,p.Pro31Glu,0.551415979,0.114949627
urn:mavedb:00000060-a-1#430,NA,NA,p.Pro31Leu,1.025036818,0.016566173
urn:mavedb:00000060-a-1#431,NA,NA,p.Ala32Phe,0.752861541,0.144820058
urn:mavedb:00000060-a-1#432,NA,NA,p.Ala32Cys,0.462207289,0.217154441
urn:mavedb:00000060-a-1#433,NA,NA,p.Ala32Tyr,0.358670778,0.101984979
urn:mavedb:00000060-a-1#434,NA,NA,p.Ala32Val,0.40803704,0.016644079
urn:mavedb:00000060-a-1#435,NA,NA,p.Ala32Gly,-0.210711934,0.019803955
urn:mavedb:00000060-a-1#436,NA,NA,p.Met33Phe,0.235667412,0.117661067
urn:mavedb:00000060-a-1#437,NA,NA,p.Met33Trp,0.474223403,0.16560965
urn:mavedb:00000060-a-1#438,NA,NA,p.Met33*,0.617035386,0.142810048
urn:mavedb:00000060-a-1#439,NA,NA,p.Met33Val,-0.11148658,0.021721626
urn:mavedb:00000060-a-1#440,NA,NA,p.Met33Gly,-0.168691345,0.19950053
urn:mavedb:00000060-a-1#441,NA,NA,p.Met33Ala,-1.041429642,0.512878288
urn:mavedb:00000060-a-1#442,NA,NA,p.Met33Glu,0.103058915,0.249311812
urn:mavedb:00000060-a-1#443,NA,NA,p.Met33Leu,0.133342194,0.014733786
urn:mavedb:00000060-a-1#444,NA,NA,p.Met33Pro,-0.91358994,0.5186985
urn:mavedb:00000060-a-1#445,NA,NA,p.Met33Gln,-1.013095558,0.2551449
urn:mavedb:00000060-a-1#446,NA,NA,p.Met34Phe,0.238401283,0.213721073
urn:mavedb:00000060-a-1#447,NA,NA,p.Met34Trp,0.764769301,0.19333904
urn:mavedb:00000060-a-1#448,NA,NA,p.Met34*,0.519169292,0.136588377
urn:mavedb:00000060-a-1#449,NA,NA,p.Met34Val,0.110958055,0.020269978
urn:mavedb:00000060-a-1#450,NA,NA,p.Met34Gly,-0.543299423,0.391601955
urn:mavedb:00000060-a-1#451,NA,NA,p.Met34Ala,-2.048638854,1.211848918
urn:mavedb:00000060-a-1#452,NA,NA,p.Met34Glu,-0.914704909,0.620037276
urn:mavedb:00000060-a-1#453,NA,NA,p.Met34Leu,0.108471095,0.013650219
urn:mavedb:00000060-a-1#454,NA,NA,p.Met34Pro,0.478080124,0.294437246
urn:mavedb:00000060-a-1#455,NA,NA,p.Met34Gln,-0.094470702,0.547594147
urn:mavedb:00000060-a-1#456,NA,NA,p.Ala35Phe,0.956690887,0.088586451
urn:mavedb:00000060-a-1#457,NA,NA,p.Ala35Cys,0.565370329,0.1257645
urn:mavedb:00000060-a-1#458,NA,NA,p.Ala35Trp,-0.177571131,0.766968363
urn:mavedb:00000060-a-1#459,NA,NA,p.Ala35Tyr,0.50198763,0.177481344
urn:mavedb:00000060-a-1#460,NA,NA,p.Ala35Val,0.760742434,0.015085161
urn:mavedb:00000060-a-1#461,NA,NA,p.Ala35Gly,-0.245760127,0.018331251
urn:mavedb:00000060-a-1#462,NA,NA,p.Ala36Phe,0.920559552,0.100502465
urn:mavedb:00000060-a-1#463,NA,NA,p.Ala36Cys,0.761240823,0.227405732
urn:mavedb:00000060-a-1#464,NA,NA,p.Ala36Tyr,0.860618108,0.161041139
urn:mavedb:00000060-a-1#465,NA,NA,p.Ala36Val,0.724845556,0.01447011
urn:mavedb:00000060-a-1#466,NA,NA,p.Ala36Gly,-0.131636883,0.017765054
urn:mavedb:00000060-a-1#467,NA,NA,p.Ala37Phe,0.623453612,0.169069161
urn:mavedb:00000060-a-1#468,NA,NA,p.Ala37Cys,0.359988154,0.159844779
urn:mavedb:00000060-a-1#469,NA,NA,p.Ala37Tyr,0.220147577,0.132371221
urn:mavedb:00000060-a-1#470,NA,NA,p.Ala37Val,0.39646751,0.015171533
urn:mavedb:00000060-a-1#471,NA,NA,p.Ala37Gly,-0.123447571,0.018340272
urn:mavedb:00000060-a-1#472,NA,NA,p.Gln38Trp,1.112360197,0.074714647
urn:mavedb:00000060-a-1#473,NA,NA,p.Gln38Ser,-0.43661563,0.228236514
urn:mavedb:00000060-a-1#474,NA,NA,p.Gln38Tyr,0.887671198,0.09731887
urn:mavedb:00000060-a-1#475,NA,NA,p.Gln38*,1.073805991,0.014909158
urn:mavedb:00000060-a-1#476,NA,NA,p.Gln38Val,0.887167509,0.11449022
urn:mavedb:00000060-a-1#477,NA,NA,p.Gln38Gly,0.299854684,0.154053896
urn:mavedb:00000060-a-1#478,NA,NA,p.Gln38Ala,0.488650987,0.389650559
urn:mavedb:00000060-a-1#479,NA,NA,p.Gln38Asp,-0.757712123,0.19730739
urn:mavedb:00000060-a-1#480,NA,NA,p.Gln38Glu,-0.987790376,0.022949974
urn:mavedb:00000060-a-1#481,NA,NA,p.Gln38Leu,1.002638691,0.014379568
urn:mavedb:00000060-a-1#482,NA,NA,p.Gln38Pro,-0.918269437,0.027392287
urn:mavedb:00000060-a-1#483,NA,NA,p.Ala39Phe,-1.067809601,1.344696248
urn:mavedb:00000060-a-1#484,NA,NA,p.Ala39Cys,0.485952232,0.568373883
urn:mavedb:00000060-a-1#485,NA,NA,p.Ala39Ser,-0.415567466,0.019211249
urn:mavedb:00000060-a-1#486,NA,NA,p.Ala39*,1.191484429,0.092070817
urn:mavedb:00000060-a-1#487,NA,NA,p.Ala39Val,1.039718085,0.014338069
urn:mavedb:00000060-a-1#488,NA,NA,p.Ala39Gly,-0.10487657,0.018184236
urn:mavedb:00000060-a-1#489,NA,NA,p.Ala40Ser,0.06480109,0.016704483
urn:mavedb:00000060-a-1#490,NA,NA,p.Ala40*,0.968226656,0.114172379
urn:mavedb:00000060-a-1#491,NA,NA,p.Ala40Val,0.745305092,0.015099867
urn:mavedb:00000060-a-1#492,NA,NA,p.Ala40Gly,-0.606384599,0.019748535
urn:mavedb:00000060-a-1#493,NA,NA,p.Leu41Phe,0.569001321,0.120183767
urn:mavedb:00000060-a-1#494,NA,NA,p.Leu41Ser,-0.3982622,0.450081045
urn:mavedb:00000060-a-1#495,NA,NA,p.Leu41*,0.979421291,0.165922187
urn:mavedb:00000060-a-1#496,NA,NA,p.Leu41Val,-0.117568681,0.01920493
urn:mavedb:00000060-a-1#497,NA,NA,p.Leu41Gly,-0.962925187,0.147384183
urn:mavedb:00000060-a-1#498,NA,NA,p.Leu41Ala,-0.50467521,0.38616902
urn:mavedb:00000060-a-1#499,NA,NA,p.Leu41Glu,-0.848469987,0.325263081
urn:mavedb:00000060-a-1#500,NA,NA,p.Gln42Trp,1.195807519,0.118574159
urn:mavedb:00000060-a-1#501,NA,NA,p.Gln42Ser,0.079298132,0.220713263
urn:mavedb:00000060-a-1#502,NA,NA,p.Gln42Tyr,0.625460993,0.245648278
urn:mavedb:00000060-a-1#503,NA,NA,p.Gln42*,0.9618721,0.020327891
urn:mavedb:00000060-a-1#504,NA,NA,p.Gln42Val,0.817892028,0.128362116
urn:mavedb:00000060-a-1#505,NA,NA,p.Gln42Gly,-0.371878424,0.132933909
urn:mavedb:00000060-a-1#506,NA,NA,p.Gln42Ala,0.822236591,0.14119728
urn:mavedb:00000060-a-1#507,NA,NA,p.Gln42Asp,-1.385345683,0.266941164
urn:mavedb:00000060-a-1#508,NA,NA,p.Gln42Glu,-0.781092157,0.027205575
urn:mavedb:00000060-a-1#509,NA,NA,p.Gln42Leu,0.979522977,0.017582777
urn:mavedb:00000060-a-1#510,NA,NA,p.Gln42Pro,-0.917110264,0.027063465
urn:mavedb:00000060-a-1#511,NA,NA,p.Gln42His,0.05270474,0.016133573
urn:mavedb:00000060-a-1#512,NA,NA,p.Gln42Met,0.835565848,0.391588473
urn:mavedb:00000060-a-1#513,NA,NA,p.Gln42Arg,-0.376119566,0.022377377
urn:mavedb:00000060-a-1#514,NA,NA,p.Gln42Asn,-0.124435121,0.680123932
urn:mavedb:00000060-a-1#515,NA,NA,p.Gln42Lys,-0.828253935,0.029723909
urn:mavedb:00000060-a-1#516,NA,NA,p.Leu41Pro,-1.01384745,0.030326288
urn:mavedb:00000060-a-1#517,NA,NA,p.Leu41His,-0.215818167,0.430729892
urn:mavedb:00000060-a-1#518,NA,NA,p.Leu41Gln,-1.007135164,0.030532593
urn:mavedb:00000060-a-1#519,NA,NA,p.Leu41Met,-0.379962741,0.394969578
urn:mavedb:00000060-a-1#520,NA,NA,p.Leu41Ile,0.125326341,0.020159772
urn:mavedb:00000060-a-1#521,NA,NA,p.Leu41Arg,-1.163769366,0.026970779
urn:mavedb:00000060-a-1#522,NA,NA,p.Leu41Thr,-1.117497794,0.236186003
urn:mavedb:00000060-a-1#523,NA,NA,p.Leu41Lys,-1.501274311,0.339410461
urn:mavedb:00000060-a-1#524,NA,NA,p.Ala40Asp,-0.382177271,0.146198792
urn:mavedb:00000060-a-1#525,NA,NA,p.Ala40Glu,-1.222024683,0.025525595
urn:mavedb:00000060-a-1#526,NA,NA,p.Ala40Leu,0.77096499,0.103129425
urn:mavedb:00000060-a-1#527,NA,NA,p.Ala40Pro,-0.959359705,0.02699342
urn:mavedb:00000060-a-1#528,NA,NA,p.Ala40Gln,-0.903552211,0.214305687
urn:mavedb:00000060-a-1#529,NA,NA,p.Ala40Ile,0.847648637,0.078064615
urn:mavedb:00000060-a-1#530,NA,NA,p.Ala40Arg,-1.157984041,0.137953044
urn:mavedb:00000060-a-1#531,NA,NA,p.Ala40Thr,0.653542149,0.012782252
urn:mavedb:00000060-a-1#532,NA,NA,p.Ala40Lys,-1.31525781,0.15423283
urn:mavedb:00000060-a-1#533,NA,NA,p.Ala39Asp,-1.119838393,0.24762086
urn:mavedb:00000060-a-1#534,NA,NA,p.Ala39Glu,-0.953307685,0.022862465
urn:mavedb:00000060-a-1#535,NA,NA,p.Ala39Leu,0.527207176,0.115194291
urn:mavedb:00000060-a-1#536,NA,NA,p.Ala39Pro,-1.019922117,0.025593232
urn:mavedb:00000060-a-1#537,NA,NA,p.Ala39Gln,-0.615204208,0.227960388
urn:mavedb:00000060-a-1#538,NA,NA,p.Ala39Met,0.356031667,0.19443278
urn:mavedb:00000060-a-1#539,NA,NA,p.Ala39Ile,0.911806949,0.08092993
urn:mavedb:00000060-a-1#540,NA,NA,p.Ala39Arg,-0.607562292,0.159812795
urn:mavedb:00000060-a-1#541,NA,NA,p.Ala39Thr,-0.051581107,0.013550599
urn:mavedb:00000060-a-1#542,NA,NA,p.Ala39Lys,-0.766801836,0.130137947
urn:mavedb:00000060-a-1#543,NA,NA,p.Gln38His,0.828467385,0.012495428
urn:mavedb:00000060-a-1#544,NA,NA,p.Gln38Met,0.969643696,0.097230653
urn:mavedb:00000060-a-1#545,NA,NA,p.Gln38Arg,-0.556277238,0.019814672
urn:mavedb:00000060-a-1#546,NA,NA,p.Gln38Thr,0.121260406,0.165602389
urn:mavedb:00000060-a-1#547,NA,NA,p.Gln38Asn,-0.263314987,0.29222754
urn:mavedb:00000060-a-1#548,NA,NA,p.Gln38Lys,-0.830974972,0.023191552
urn:mavedb:00000060-a-1#549,NA,NA,p.Ala37Asp,-1.290964819,0.026034327
urn:mavedb:00000060-a-1#550,NA,NA,p.Ala37Glu,-1.024389049,0.13919546
urn:mavedb:00000060-a-1#551,NA,NA,p.Ala37Leu,0.653824609,0.095898623
urn:mavedb:00000060-a-1#552,NA,NA,p.Ala37Pro,-0.879452985,0.02560724
urn:mavedb:00000060-a-1#553,NA,NA,p.Ala37His,-0.50858455,0.155193128
urn:mavedb:00000060-a-1#554,NA,NA,p.Ala37Ile,0.378415428,0.076903537
urn:mavedb:00000060-a-1#555,NA,NA,p.Ala37Ser,-0.602129126,0.018629287
urn:mavedb:00000060-a-1#556,NA,NA,p.Ala37Arg,-0.686740504,0.154830921
urn:mavedb:00000060-a-1#557,NA,NA,p.Ala37Thr,-0.365911207,0.013654895
urn:mavedb:00000060-a-1#558,NA,NA,p.Ala37Asn,-1.020400428,0.18242856
urn:mavedb:00000060-a-1#559,NA,NA,p.Ala36Asp,-1.079860634,0.023258251
urn:mavedb:00000060-a-1#560,NA,NA,p.Ala36Glu,-0.420284267,0.091228916
urn:mavedb:00000060-a-1#561,NA,NA,p.Ala36Leu,1.019170774,0.099075454
urn:mavedb:00000060-a-1#562,NA,NA,p.Ala36Pro,-0.839218514,0.024509222
urn:mavedb:00000060-a-1#563,NA,NA,p.Ala36His,-0.274753999,0.174005151
urn:mavedb:00000060-a-1#564,NA,NA,p.Ala36Ile,0.996781597,0.067791665
urn:mavedb:00000060-a-1#565,NA,NA,p.Ala36Ser,-0.259814441,0.018375915
urn:mavedb:00000060-a-1#566,NA,NA,p.Ala36Arg,-0.099444622,0.183039178
urn:mavedb:00000060-a-1#567,NA,NA,p.Ala36Thr,0.216117042,0.013039135
urn:mavedb:00000060-a-1#568,NA,NA,p.Ala36Asn,-0.387787539,0.105195505
urn:mavedb:00000060-a-1#569,NA,NA,p.Ala35Asp,-1.04486955,0.024189283
urn:mavedb:00000060-a-1#570,NA,NA,p.Ala35Glu,-0.781041545,0.156792223
urn:mavedb:00000060-a-1#571,NA,NA,p.Ala35Leu,0.610186525,0.149070776
urn:mavedb:00000060-a-1#572,NA,NA,p.Ala35Arg,-1.006226556,0.287801349
urn:mavedb:00000060-a-1#573,NA,NA,p.Ala35Pro,-0.902847414,0.025619058
urn:mavedb:00000060-a-1#574,NA,NA,p.Ala35His,0.146170033,0.249126313
urn:mavedb:00000060-a-1#575,NA,NA,p.Ala35Gln,-0.61464886,0.283426844
urn:mavedb:00000060-a-1#576,NA,NA,p.Ala35Ile,0.729853466,0.076900769
urn:mavedb:00000060-a-1#577,NA,NA,p.Ala35Ser,-0.645189965,0.019849819
urn:mavedb:00000060-a-1#578,NA,NA,p.Ala35Thr,-0.457064245,0.014298217
urn:mavedb:00000060-a-1#579,NA,NA,p.Ala35Asn,-0.76820867,0.110636438
urn:mavedb:00000060-a-1#580,NA,NA,p.Met34Ile,0.120304464,0.010608704
urn:mavedb:00000060-a-1#581,NA,NA,p.Met34Ser,-1.155379551,0.205327805
urn:mavedb:00000060-a-1#582,NA,NA,p.Met34Arg,-1.13061371,0.028995117
urn:mavedb:00000060-a-1#583,NA,NA,p.Met34Thr,-0.979625202,0.029644437
urn:mavedb:00000060-a-1#584,NA,NA,p.Met34Asn,-1.833901149,0.605038325
urn:mavedb:00000060-a-1#585,NA,NA,p.Met34Lys,-1.209851621,0.029802718
urn:mavedb:00000060-a-1#586,NA,NA,p.Met33Ile,0.129982928,0.010177466
urn:mavedb:00000060-a-1#587,NA,NA,p.Met33Ser,-1.186864003,0.213625611
urn:mavedb:00000060-a-1#588,NA,NA,p.Met33Arg,-1.130504733,0.027599684
urn:mavedb:00000060-a-1#589,NA,NA,p.Met33Thr,-0.850821117,0.028638372
urn:mavedb:00000060-a-1#590,NA,NA,p.Met33Asn,-1.142885076,0.161529485
urn:mavedb:00000060-a-1#591,NA,NA,p.Met33Lys,-1.232012362,0.030752916
urn:mavedb:00000060-a-1#592,NA,NA,p.Ala32Asp,-0.820483692,0.024728156
urn:mavedb:00000060-a-1#593,NA,NA,p.Ala32Glu,-0.560830106,0.157268798
urn:mavedb:00000060-a-1#594,NA,NA,p.Ala32Leu,0.376332586,0.168488804
urn:mavedb:00000060-a-1#595,NA,NA,p.Ala32Arg,-0.19239457,0.18303021
urn:mavedb:00000060-a-1#596,NA,NA,p.Ala32Pro,-0.264589018,0.023564542
urn:mavedb:00000060-a-1#597,NA,NA,p.Ala32His,-0.26633326,0.1427705
urn:mavedb:00000060-a-1#598,NA,NA,p.Ala32Ile,0.557830221,0.084517346
urn:mavedb:00000060-a-1#599,NA,NA,p.Ala32Ser,-0.43017876,0.02025108
urn:mavedb:00000060-a-1#600,NA,NA,p.Ala32Thr,-0.244621136,0.015902205
urn:mavedb:00000060-a-1#601,NA,NA,p.Ala32Asn,-0.455616695,0.12484815
urn:mavedb:00000060-a-1#602,NA,NA,p.Pro31His,0.725129237,0.116394219
urn:mavedb:00000060-a-1#603,NA,NA,p.Pro31Gln,0.900391586,0.01828604
urn:mavedb:00000060-a-1#604,NA,NA,p.Pro31Ile,0.688334643,0.183903718
urn:mavedb:00000060-a-1#605,NA,NA,p.Pro31Arg,0.746204574,0.017328928
urn:mavedb:00000060-a-1#606,NA,NA,p.Pro31Thr,0.849321617,0.017156486
urn:mavedb:00000060-a-1#607,NA,NA,p.Pro31Lys,0.78281476,0.125509514
urn:mavedb:00000060-a-1#608,NA,NA,p.Asn30Lys,-0.788053113,0.019191732
urn:mavedb:00000060-a-1#609,NA,NA,p.Ile29Met,-0.347213278,0.023535291
urn:mavedb:00000060-a-1#610,NA,NA,p.Ile29Ser,-0.895217434,0.026316157
urn:mavedb:00000060-a-1#611,NA,NA,p.Ile29Arg,-1.146621409,0.1929478
urn:mavedb:00000060-a-1#612,NA,NA,p.Ile29Thr,-0.821099687,0.028961155
urn:mavedb:00000060-a-1#613,NA,NA,p.Ile29Asn,-0.861719217,0.030588171
urn:mavedb:00000060-a-1#614,NA,NA,p.Ile29Lys,-1.25620322,0.181472995
urn:mavedb:00000060-a-1#615,NA,NA,p.Ser28Arg,-0.26281775,0.012279594
urn:mavedb:00000060-a-1#616,NA,NA,p.Ser28Thr,0.005917387,0.021844145
urn:mavedb:00000060-a-1#617,NA,NA,p.Ser28Asn,-0.132973209,0.01644151
urn:mavedb:00000060-a-1#618,NA,NA,p.Ser28Lys,-0.450894597,0.109955603
urn:mavedb:00000060-a-1#619,NA,NA,p.Phe27Trp,-0.004143895,0.151917045
urn:mavedb:00000060-a-1#620,NA,NA,p.Phe27Cys,-0.564820416,0.026266481
urn:mavedb:00000060-a-1#621,NA,NA,p.Phe27Tyr,-0.436476053,0.023688336
urn:mavedb:00000060-a-1#622,NA,NA,p.Phe27*,0.611504096,0.084114584
urn:mavedb:00000060-a-1#623,NA,NA,p.Phe27Val,-0.503385621,0.024317899
urn:mavedb:00000060-a-1#624,NA,NA,p.Phe27Gly,1.035899543,1.317294044
urn:mavedb:00000060-a-1#625,NA,NA,p.Phe27Ala,-0.970938625,0.753035586
urn:mavedb:00000060-a-1#626,NA,NA,p.Phe27Asp,-1.596247891,0.887428973
urn:mavedb:00000060-a-1#627,NA,NA,p.Phe27Leu,-0.381846945,0.01277503
urn:mavedb:00000060-a-1#628,NA,NA,p.Phe27Pro,1.288769055,0.296499492
urn:mavedb:00000060-a-1#629,NA,NA,p.Phe27His,-1.009010919,0.495709775
urn:mavedb:00000060-a-1#630,NA,NA,p.Phe27Met,-0.15968788,0.395256771
urn:mavedb:00000060-a-1#631,NA,NA,p.Phe27Ile,-0.252361281,0.023915432
urn:mavedb:00000060-a-1#632,NA,NA,p.Phe27Arg,-0.686790709,0.48489644
urn:mavedb:00000060-a-1#633,NA,NA,p.Phe27Ser,-0.884991352,0.030998406
urn:mavedb:00000060-a-1#634,NA,NA,p.Phe27Thr,-1.12698591,0.22015726
urn:mavedb:00000060-a-1#635,NA,NA,p.Phe27Asn,-0.992833041,0.240519245
urn:mavedb:00000060-a-1#636,NA,NA,p.Ala26Asp,-0.725730816,0.173286348
urn:mavedb:00000060-a-1#637,NA,NA,p.Ala26Glu,-0.687209219,0.021095423
urn:mavedb:00000060-a-1#638,NA,NA,p.Ala26Leu,0.702205621,0.096629458
urn:mavedb:00000060-a-1#639,NA,NA,p.Ala26Pro,0.010417014,0.021862274
urn:mavedb:00000060-a-1#640,NA,NA,p.Ala26Gln,-0.418348737,0.201897477
urn:mavedb:00000060-a-1#641,NA,NA,p.Ala26Met,0.409538429,0.074484238
urn:mavedb:00000060-a-1#642,NA,NA,p.Ala26Arg,-0.512766713,0.110184622
urn:mavedb:00000060-a-1#643,NA,NA,p.Ala26Thr,-0.18505137,0.015770267
urn:mavedb:00000060-a-1#644,NA,NA,p.Ala26Lys,-0.803200236,0.173903205
urn:mavedb:00000060-a-1#645,NA,NA,p.Gly25Ala,0.396593557,0.020107418
urn:mavedb:00000060-a-1#646,NA,NA,p.Gly25Asp,-0.604839439,0.017770364
urn:mavedb:00000060-a-1#647,NA,NA,p.Gly25Glu,-0.190198261,0.127833042
urn:mavedb:00000060-a-1#648,NA,NA,p.Gly25Leu,0.925639985,0.13817515
urn:mavedb:00000060-a-1#649,NA,NA,p.Gly25Pro,0.03038969,0.356627813
urn:mavedb:00000060-a-1#650,NA,NA,p.Gly25His,0.184454339,0.14950409
urn:mavedb:00000060-a-1#651,NA,NA,p.Gly25Ile,0.81608519,0.191233602
urn:mavedb:00000060-a-1#652,NA,NA,p.Gly25Ser,-0.073296554,0.016134746
urn:mavedb:00000060-a-1#653,NA,NA,p.Gly25Arg,-0.357229171,0.023135822
urn:mavedb:00000060-a-1#654,NA,NA,p.Gly25Thr,0.125820086,0.098486355
urn:mavedb:00000060-a-1#655,NA,NA,p.Gly25Asn,-0.215637202,0.085039237
urn:mavedb:00000060-a-1#656,NA,NA,p.Phe24Trp,-0.265487475,0.203075457
urn:mavedb:00000060-a-1#657,NA,NA,p.Phe24Cys,-0.445644161,0.023407142
urn:mavedb:00000060-a-1#658,NA,NA,p.Phe24Tyr,-0.311018205,0.024125498
urn:mavedb:00000060-a-1#659,NA,NA,p.Phe24*,0.871606682,0.086358964
urn:mavedb:00000060-a-1#660,NA,NA,p.Phe24Val,-0.555874925,0.024070315
urn:mavedb:00000060-a-1#661,NA,NA,p.Phe24Gly,-0.673140614,0.241003881
urn:mavedb:00000060-a-1#662,NA,NA,p.Phe24Ala,-0.597614256,0.30580436
urn:mavedb:00000060-a-1#663,NA,NA,p.Phe24Asp,-0.966680198,0.294878831
urn:mavedb:00000060-a-1#664,NA,NA,p.Phe24Leu,-0.341746683,0.012948388
urn:mavedb:00000060-a-1#665,NA,NA,p.Phe24Arg,-1.061018072,0.40335573
urn:mavedb:00000060-a-1#666,NA,NA,p.Phe24Pro,-0.03622214,1.142171411
urn:mavedb:00000060-a-1#667,NA,NA,p.Phe24His,0.072733699,0.418384276
urn:mavedb:00000060-a-1#668,NA,NA,p.Phe24Met,-0.521131706,0.141996922
urn:mavedb:00000060-a-1#669,NA,NA,p.Phe24Ile,-0.370571735,0.023288482
urn:mavedb:00000060-a-1#670,NA,NA,p.Phe24Ser,-0.738443254,0.029053517
urn:mavedb:00000060-a-1#671,NA,NA,p.Phe24Thr,-0.794268541,0.271970844
urn:mavedb:00000060-a-1#672,NA,NA,p.Phe24Asn,-0.364647884,0.367558433
urn:mavedb:00000060-a-1#673,NA,NA,p.Asn23Lys,-0.511870682,0.014794447
urn:mavedb:00000060-a-1#674,NA,NA,p.Met22Ile,-0.010463017,0.010477699
urn:mavedb:00000060-a-1#675,NA,NA,p.Met22Ser,-0.01564676,0.24537069
urn:mavedb:00000060-a-1#676,NA,NA,p.Met22Arg,-0.609546154,0.02212653
urn:mavedb:00000060-a-1#677,NA,NA,p.Met22Thr,-0.338222403,0.022433387
urn:mavedb:00000060-a-1#678,NA,NA,p.Met22Asn,-0.11898372,0.252498864
urn:mavedb:00000060-a-1#679,NA,NA,p.Met22Lys,-0.800492464,0.02618317
urn:mavedb:00000060-a-1#680,NA,NA,p.Gly21Ala,-0.023388036,0.020938122
urn:mavedb:00000060-a-1#681,NA,NA,p.Gly21Asp,-0.552092175,0.085859942
urn:mavedb:00000060-a-1#682,NA,NA,p.Gly21Glu,-0.433094294,0.016386938
urn:mavedb:00000060-a-1#683,NA,NA,p.Gly21Leu,0.266802332,0.085847509
urn:mavedb:00000060-a-1#684,NA,NA,p.Gly21Pro,0.142225721,0.173436252
urn:mavedb:00000060-a-1#685,NA,NA,p.Gly21Gln,-0.21649654,0.139855153
urn:mavedb:00000060-a-1#686,NA,NA,p.Gly21Met,-0.050092332,0.128744192
urn:mavedb:00000060-a-1#687,NA,NA,p.Gly21Ser,-0.052854677,0.08701979
urn:mavedb:00000060-a-1#688,NA,NA,p.Gly21Arg,-0.267080337,0.012692233
urn:mavedb:00000060-a-1#689,NA,NA,p.Gly21Thr,-0.268094566,0.136930114
urn:mavedb:00000060-a-1#690,NA,NA,p.Gly21Lys,-0.537622443,0.085503938
urn:mavedb:00000060-a-1#691,NA,NA,p.Gly21Asn,-0.643826808,1.032004798
urn:mavedb:00000060-a-1#692,NA,NA,p.Gly20Ala,-0.095786087,0.021627437
urn:mavedb:00000060-a-1#693,NA,NA,p.Gly20Asp,-0.461441719,0.017233807
urn:mavedb:00000060-a-1#694,NA,NA,p.Gly20Glu,-0.301043242,0.105144729
urn:mavedb:00000060-a-1#695,NA,NA,p.Gly20Leu,0.394119297,0.113580552
urn:mavedb:00000060-a-1#696,NA,NA,p.Gly20Pro,-0.377148749,0.166588391
urn:mavedb:00000060-a-1#697,NA,NA,p.Gly20His,-0.144160871,0.126329575
urn:mavedb:00000060-a-1#698,NA,NA,p.Gly20Ile,0.404618257,0.119154612
urn:mavedb:00000060-a-1#699,NA,NA,p.Gly20Ser,-0.152957909,0.016273858
urn:mavedb:00000060-a-1#700,NA,NA,p.Gly20Arg,-0.243864908,0.021934875
urn:mavedb:00000060-a-1#701,NA,NA,p.Gly20Thr,-0.303794227,0.135213784
urn:mavedb:00000060-a-1#702,NA,NA,p.Gly20Asn,-0.048823486,0.086264133
urn:mavedb:00000060-a-1#703,NA,NA,p.Gly19Ala,-0.094688159,0.020100348
urn:mavedb:00000060-a-1#704,NA,NA,p.Gln42Thr,0.372227487,0.217740771
